feature,healthy_mean,fault_mean,mean_shift,cohens_d,auc,auc_raw,auc_abs,healthy_std,fault_std
h__time__mean,-0.00025169566629696944,0.008417425383696584,0.008669121049993553,0.3243685456054782,0.5843534161330968,0.5843534161330968,0.5843534161330968,0.024731986660338875,0.028581507602888905
h__time__std,0.6362648957412098,1.5704497325063118,0.934184836765102,1.5804097009515277,0.978822803363419,0.978822803363419,0.978822803363419,0.20274272965105142,0.8109875344638955
h__time__rms,0.6367466748190683,1.5707709008696429,0.9340242260505746,1.5802767085549307,0.9788248605003985,0.9788248605003985,0.9788248605003985,0.20273884334450393,0.8109128658450852
h__time__mean_abs,0.5037303858389871,1.244063883814477,0.74033349797549,1.6217891432343399,0.9798076576924066,0.9798076576924066,0.9798076576924066,0.15632602994500266,0.6263639187392726
h__time__ptp,6.085404022138847,14.16811585586343,8.082711833724584,1.337588038942249,0.9124535644183873,0.9124535644183873,0.9124535644183873,2.8074869222134304,8.071412716044145
h__time__skewness,-0.008671050959369061,-0.007017616888796659,0.0016534340705724026,0.03144226243080786,0.6530276770637798,0.6530276770637798,0.6530276770637798,0.024690916992418276,0.07014990183340385
h__time__kurtosis,0.18912488490083393,0.14707997614812068,-0.042044908752713245,-0.15106133057406168,0.5667204950842998,0.5667204950842998,0.5667204950842998,0.28305757857952446,0.27352083740370464
h__time__crest_factor,4.860870393655353,4.669386900832744,-0.19148349282260924,-0.2506946396772828,0.5348825289070602,0.4651174710929397,0.5348825289070602,0.8723930931943663,0.6369826079562309
h__time__impulse_factor,6.138645136587288,5.887472911197717,-0.2511722253895705,-0.2492283061246953,0.5315415670240942,0.4684584329759058,0.5315415670240942,1.1532365227041335,0.8374760937395676
h__time__clearance_factor,7.272003040568681,6.969585564707069,-0.3024174758616116,-0.2483461373009118,0.5299099145431013,0.4700900854568987,0.5299099145431013,1.3945468008801636,1.0104212090824771
v__time__mean,0.0014366595456814953,0.00824872156686129,0.006812062021179794,0.24623938320284672,0.5990439455887269,0.5990439455887269,0.5990439455887269,0.021908855622562694,0.03241355973271004
v__time__std,0.6949241903576556,1.525892658027105,0.8309684676694494,1.2746964892470058,0.9471874651786708,0.9471874651786708,0.9471874651786708,0.248731195411887,0.8877315941339053
v__time__rms,0.6952939568448924,1.5261276356826967,0.8308336788378043,1.2742127574059452,0.9471902080279772,0.9471902080279772,0.9471902080279772,0.24866687241283864,0.8879577168492451
v__time__mean_abs,0.5392222990189051,1.2042299364381388,0.6650076374192337,1.2942794575459065,0.9591786880608911,0.9591786880608911,0.9591786880608911,0.17594805060071103,0.7050064142394482
v__time__ptp,6.716378861764686,13.810882448350023,7.094503586585337,1.218918102145933,0.8728493061448395,0.8728493061448395,0.8728493061448395,3.6152479623646436,7.394756681641772
v__time__skewness,-0.09187685767028961,-0.09606885080841729,-0.004191993138127681,-0.0368736508565515,0.6196178868060376,0.38038211319396237,0.6196178868060376,0.1398189125007729,0.07936863283833524
v__time__kurtosis,0.5204755720925461,0.3386073044428666,-0.18186826764967956,-0.2818916177123958,0.6131322481935766,0.6131322481935766,0.6131322481935766,0.8047287722845131,0.43000299282395593
v__time__crest_factor,4.840196984013964,4.824258329960058,-0.015938654053906376,-0.020617250118523136,0.587683063762675,0.587683063762675,0.587683063762675,0.9539653179780989,0.5340749914556255
v__time__impulse_factor,6.214003244317414,6.126122420112487,-0.0878808242049276,-0.078698588564567,0.584694386587467,0.584694386587467,0.584694386587467,1.4007560389147105,0.7292551319713444
v__time__clearance_factor,7.421376772922412,7.275976301987468,-0.1454004709349439,-0.1032023885309297,0.5843073019791373,0.5843073019791373,0.5843073019791373,1.7778016965733017,0.8996357613473497
mag__time__mean,0.8184497384305262,1.924200682353956,1.1057509439234297,1.4591091205639493,0.9729879057488405,0.9729879057488405,0.9729879057488405,0.25855963460376347,1.0400709821473035
mag__time__std,0.4681884518764523,1.0538496686208698,0.5856612167444175,1.337549495311225,0.9432785620612513,0.9432785620612513,0.9432785620612513,0.18948556910889078,0.5895255112290707
mag__time__rms,0.9435931660320983,2.1944276870612223,1.250834521029124,1.4308701413601226,0.9685006042839877,0.9685006042839877,0.9685006042839877,0.3185124854255144,1.194538610752132
mag__time__mean_abs,0.8184497384305262,1.924200682353956,1.1057509439234297,1.4591091205639493,0.9729879057488405,0.9729879057488405,0.9729879057488405,0.25855963460376347,1.0400709821473035
mag__time__ptp,3.842890428386035,8.335519823311339,4.492629394925304,1.2246153289878963,0.8727921348796146,0.8727921348796146,0.8727921348796146,2.044482860875405,4.76837591258204
mag__time__skewness,0.880102760361581,0.8124778543157637,-0.06762490604581728,-0.2625971854543845,0.6075651212425108,0.6075651212425108,0.6075651212425108,0.32562736164412615,0.16310539412657504
mag__time__kurtosis,1.1109757341065314,0.8492004347110178,-0.2617752993955136,-0.270137397038047,0.6091333453332991,0.6091333453332991,0.6091333453332991,1.192967035768043,0.6744821378604277
mag__time__crest_factor,3.875228092970338,3.782970940654925,-0.0922571523154132,-0.14464749594932536,0.5355876126068211,0.5355876126068211,0.5355876126068211,0.75176230832682,0.4984459708761549
mag__time__impulse_factor,4.4558607045007115,4.315177957501379,-0.1406827469993326,-0.17632718018581375,0.5391293167733807,0.5391293167733807,0.5391293167733807,0.9567428666121631,0.598142337515259
mag__time__clearance_factor,4.849480888972465,4.6790094751740785,-0.1704714137983867,-0.18899272283072477,0.5410678255204985,0.5410678255204985,0.5410678255204985,1.0888438169873838,0.6645500120322585
h__spectral__centroid,5614.795962290965,5329.571567380396,-285.22439491056866,-0.25453531594956885,0.570868026091354,0.429131973908646,0.570868026091354,1241.0461276721564,985.4716944554016
h__spectral__bandwidth,3949.5500091740487,3108.790672065493,-840.7593371085559,-1.5867493458992508,0.88292593449733,0.11707406550267,0.88292593449733,553.5995750213692,505.0114173306764
h__spectral__rms_frequency,6872.371287925225,6218.394928052073,-653.9763598731524,-0.6009238784259789,0.6120313370533227,0.3879686629466773,0.6120313370533227,1319.8711431425868,791.6236767140996
h__spectral__peak_frequency,628.3997844827586,1124.7179110738255,496.31812659106686,0.7502517473674274,0.742035451327282,0.742035451327282,0.742035451327282,650.8951440334338,672.007300673499
h__spectral__entropy,0.8252513750424696,0.7986708919133962,-0.02658048312907335,-0.3969750178137955,0.5425453641561024,0.4574546358438975,0.5425453641561024,0.02773981519415204,0.09053803294011337
v__spectral__centroid,3672.4465038797757,3769.2881470733105,96.84164319353476,0.1053463621775546,0.5368566946951581,0.46314330530484193,0.5368566946951581,1076.974126872496,728.1741929480042
v__spectral__bandwidth,3599.176101777637,3325.822866746098,-273.35323503153904,-0.40168903553222984,0.5949593286876322,0.4050406713123677,0.5949593286876322,870.6638795971617,410.0377705937395
v__spectral__rms_frequency,5147.667408352124,5046.74015167035,-100.92725668177354,-0.0929545175231171,0.5776317210522255,0.4223682789477745,0.5776317210522255,1363.957862121605,705.275369445062
v__spectral__peak_frequency,448.3920019157088,1072.6184983221476,624.2264964064389,1.4573634192655816,0.8652772420650227,0.8652772420650227,0.8652772420650227,534.247946468008,285.4913007896975
v__spectral__entropy,0.7487114845177731,0.7615952372216869,0.012883752703913731,0.20218959407239248,0.6306713980817198,0.6306713980817198,0.6306713980817198,0.039562627726838696,0.08096645884888247
mag__spectral__centroid,5053.0094091034425,5146.6062514389505,93.59684233550797,0.09177193462936283,0.6180150342427593,0.3819849657572407,0.6180150342427593,1290.9020392854068,643.353529816456
mag__spectral__bandwidth,3860.6439551836133,3985.2409781729466,124.59702298933325,0.48833594143014797,0.601306967694378,0.601306967694378,0.601306967694378,296.0347289096573,206.30688098075177
mag__spectral__rms_frequency,6391.930635246985,6518.157767823506,126.2271325765214,0.1379490148806561,0.589973342933306,0.410026657066694,0.589973342933306,1155.3195346425234,582.9126595715273
mag__spectral__peak_frequency,131.0552362707535,137.4549077181208,6.399671447367297,0.022556708852973506,0.5223463361533252,0.4776536638466749,0.5223463361533252,247.1344741035727,316.0896902717162
mag__spectral__entropy,0.9016968239098434,0.9013318243087944,-0.00036499960104896534,-0.006138212805069176,0.6597555435555899,0.34024445644441015,0.6597555435555899,0.06547691027004668,0.05276920752378991
