index,y_true,y_pred,prob_healthy,prob_fault
0,0,0,0.9999065399169922,9.341553959529847e-05
1,0,0,0.9998899698257446,0.00011001431994372979
2,0,0,0.9998780488967896,0.00012189600238343701
3,1,1,0.0004121410602238029,0.9995878338813782
4,1,1,0.00032731081591919065,0.9996726512908936
5,0,0,0.9999107122421265,8.931636693887413e-05
6,1,1,0.00034854194382205606,0.9996514320373535
7,0,0,0.999909520149231,9.04146145330742e-05
8,0,0,0.9998818635940552,0.0001181412662845105
9,1,1,0.008995412848889828,0.9910045862197876
10,0,0,0.9998433589935303,0.0001566530845593661
11,0,0,0.999915361404419,8.461636025458574e-05
12,0,0,0.9997021555900574,0.0002978462725877762
13,0,0,0.999897837638855,0.00010216570808552206
14,0,0,0.999907374382019,9.259332000510767e-05
15,0,0,0.9998495578765869,0.00015040612197481096
16,1,1,0.0004302817687857896,0.9995697140693665
17,0,0,0.9998847246170044,0.00011521844862727448
18,0,0,0.9998472929000854,0.00015265737602021545
19,0,0,0.9998582601547241,0.00014172370720189065
20,0,0,0.9995243549346924,0.0004756416310556233
21,0,0,0.9998959302902222,0.00010404869681224227
22,0,0,0.999854326248169,0.0001456467289244756
23,0,0,0.9999063014984131,9.373750071972609e-05
24,0,0,0.9998928308486938,0.00010718365228967741
25,0,0,0.9998880624771118,0.00011195543629582971
26,0,0,0.9998003840446472,0.00019963584782090038
27,0,0,0.9998879432678223,0.00011209516378585249
28,0,0,0.9998738765716553,0.00012616549793165177
29,1,1,0.042724210768938065,0.9572758078575134
30,0,0,0.9998828172683716,0.00011713515414157882
31,0,0,0.999544084072113,0.00045589308138005435
32,0,0,0.9998966455459595,0.0001033176522469148
33,0,0,0.9993329644203186,0.0006670187576673925
34,0,0,0.9998985528945923,0.00010149328591069207
35,1,1,0.000521994661539793,0.9994780421257019
36,1,1,0.0031134141609072685,0.9968865513801575
37,1,1,0.0009477856801822782,0.9990522265434265
38,0,0,0.9998675584793091,0.00013246090384200215
39,0,0,0.9987351298332214,0.0012648837873712182
40,1,1,0.006218009162694216,0.9937819838523865
41,0,0,0.9998941421508789,0.00010589345038169995
42,0,0,0.999862551689148,0.00013742432929575443
43,0,0,0.9998432397842407,0.0001567911822348833
44,0,0,0.9998019337654114,0.00019812943355645984
45,0,0,0.9996672868728638,0.0003327616141177714
46,0,0,0.9999005794525146,9.943887562258169e-05
47,0,0,0.9998760223388672,0.00012401195999700576
48,0,0,0.9999114274978638,8.8541790319141e-05
49,0,0,0.9851844310760498,0.01481558382511139
50,0,0,0.9997814297676086,0.00021856502280570567
51,1,1,0.009295755997300148,0.9907042384147644
52,1,1,0.00028909387765452266,0.9997108578681946
53,0,0,0.9998536109924316,0.0001463955413782969
54,0,0,0.9998251795768738,0.00017485133139416575
55,0,0,0.999826967716217,0.00017311015108134598
56,0,0,0.9994608759880066,0.0005391062004491687
57,0,0,0.9997549653053284,0.000245065544731915
58,0,0,0.999879002571106,0.00012094427802367136
59,1,1,0.0004219669208396226,0.999578058719635
60,0,0,0.9998880624771118,0.00011190270743099973
61,0,0,0.9997504353523254,0.0002495423541404307
62,1,1,0.01340447273105383,0.9865955114364624
63,0,0,0.9996670484542847,0.00033298120251856744
64,0,0,0.999782383441925,0.0002176357083953917
65,1,1,0.0003353456559125334,0.9996646642684937
66,0,0,0.9998412132263184,0.00015881829313002527
67,1,1,0.0009531570831313729,0.9990468621253967
68,0,0,0.9998645782470703,0.0001354342239210382
69,1,1,0.03019256703555584,0.9698073863983154
70,0,0,0.9994719624519348,0.0005280398181639612
71,1,1,0.22349074482917786,0.7765092849731445
72,0,0,0.999900221824646,9.979271271731704e-05
73,1,1,0.0012360252439975739,0.9987640380859375
74,0,0,0.9996691942214966,0.0003307803126517683
75,0,0,0.9994874000549316,0.0005126249743625522
76,0,0,0.9426131844520569,0.05738681182265282
77,0,0,0.9998825788497925,0.00011739659385057166
78,1,1,0.080098956823349,0.9199010729789734
79,0,0,0.9998683929443359,0.00013158295769244432
80,0,0,0.9998531341552734,0.00014688829833175987
81,0,0,0.9995108842849731,0.0004891103599220514
82,0,0,0.9996695518493652,0.00033042446011677384
83,0,0,0.9993618130683899,0.0006381997955031693
84,0,0,0.999855637550354,0.00014437023492064327
85,0,0,0.9998794794082642,0.00012045788753312081
86,1,1,0.007375495973974466,0.9926244616508484
87,0,0,0.9997374415397644,0.00026259408332407475
88,0,0,0.9992283582687378,0.000771606748457998
89,0,0,0.9998711347579956,0.00012882996816188097
90,0,0,0.9996210336685181,0.000378887023543939
91,0,0,0.999906063079834,9.398721158504486e-05
92,0,0,0.999895453453064,0.00010450051195221022
93,1,1,0.0004657981335185468,0.9995342493057251
94,0,0,0.9998835325241089,0.00011648623330984265
95,1,1,0.0006618900806643069,0.9993380904197693
96,0,0,0.999900221824646,9.977168519981205e-05
97,0,0,0.9996199607849121,0.0003800162230618298
98,1,1,0.23793631792068481,0.7620636820793152
99,0,0,0.9997467398643494,0.00025327224284410477
100,0,0,0.9998526573181152,0.0001473356387577951
101,0,0,0.9997897744178772,0.0002102456201100722
102,0,0,0.9986571073532104,0.0013429296668618917
103,0,0,0.9998766183853149,0.00012335034261923283
104,1,1,0.00028986885445192456,0.9997101426124573
105,1,1,0.07371772080659866,0.9262822866439819
106,0,0,0.9998923540115356,0.0001076264088624157
107,0,0,0.999909520149231,9.050381049746647e-05
108,0,0,0.9549585580825806,0.04504147917032242
109,0,0,0.999873161315918,0.00012679057545028627
110,0,0,0.9995377063751221,0.0004622824490070343
111,1,1,0.0003339743707329035,0.9996659755706787
112,0,0,0.99982088804245,0.00017919210949912667
113,0,0,0.9998749494552612,0.0001250214409083128
114,0,0,0.9998785257339478,0.00012151373084634542
115,0,0,0.999819815158844,0.0001801658800104633
116,0,0,0.9998666048049927,0.0001333563996013254
117,0,0,0.9998854398727417,0.00011451798491179943
118,0,0,0.9999021291732788,9.789989417186007e-05
119,0,0,0.99986732006073,0.000132663655676879
120,0,0,0.9993138313293457,0.0006861233268864453
121,0,0,0.9998144507408142,0.00018552197434473783
122,0,0,0.9996752738952637,0.0003247316926717758
123,0,0,0.9990092515945435,0.0009906644700095057
124,0,0,0.9998797178268433,0.00012029753997921944
125,0,0,0.9998637437820435,0.00013623209088109434
126,0,0,0.9998718500137329,0.00012818200048059225
127,0,0,0.9995052814483643,0.0004947241977788508
128,1,1,0.0013301958097144961,0.9986698627471924
129,0,0,0.9998972415924072,0.00010276544344378635
130,0,0,0.9998561143875122,0.0001438469480490312
131,0,0,0.9998608827590942,0.00013910926645621657
132,1,1,0.0003426344774197787,0.999657392501831
133,0,0,0.9997711777687073,0.00022879357857163996
134,0,0,0.9984935522079468,0.001506394473835826
135,0,0,0.9999063014984131,9.366547601530328e-05
136,0,0,0.9997742772102356,0.00022577190247830003
137,0,0,0.9996435642242432,0.00035640684654936194
138,0,0,0.9998667240142822,0.00013329221110325307
139,0,0,0.9998337030410767,0.00016626439173705876
140,0,0,0.99983811378479,0.00016181805403903127
141,0,0,0.9998457431793213,0.00015424493176396936
142,0,0,0.9998000264167786,0.0001999574014917016
143,1,1,0.00027255035820417106,0.9997274279594421
144,1,1,0.0003641107468865812,0.9996359348297119
145,0,0,0.9995375871658325,0.00046245832345448434
146,1,1,0.0003452851378824562,0.9996547698974609
147,0,0,0.999477207660675,0.0005227908259257674
148,0,0,0.9991905093193054,0.0008095353259705007
149,0,0,0.9997826218605042,0.00021744571859017015
150,1,1,0.0003487538197077811,0.9996511936187744
151,1,1,0.00036533497041091323,0.9996346235275269
152,1,1,0.0009370422922074795,0.9990629553794861
153,0,0,0.9998918771743774,0.0001080870715668425
154,0,0,0.9998421669006348,0.0001577509246999398
155,0,0,0.9998821020126343,0.00011787434050347656
156,1,1,0.0002812102611642331,0.9997187256813049
157,0,0,0.99894779920578,0.0010522237280383706
158,0,0,0.9998883008956909,0.00011163774615852162
159,1,1,0.0010038012405857444,0.9989961981773376
160,0,0,0.9998425245285034,0.00015742004325147718
161,0,0,0.9995725750923157,0.00042742950608953834
162,1,1,0.00027772734756581485,0.9997223019599915
163,0,0,0.9998722076416016,0.00012772421177942306
164,0,0,0.9997941851615906,0.00020578909607138485
165,0,0,0.9998810291290283,0.00011900361278094351
166,0,0,0.9995841383934021,0.00041586425504647195
167,0,0,0.9997723698616028,0.00022763098240830004
168,1,1,0.0005009662709198892,0.9994989633560181
169,0,0,0.9995964169502258,0.00040359562262892723
170,0,0,0.9998832941055298,0.00011673909466480836
171,0,0,0.999664306640625,0.00033567030914127827
172,0,0,0.9998699426651001,0.00013004918582737446
173,1,1,0.0032068246509879827,0.9967932105064392
174,1,1,0.00032021524384617805,0.9996798038482666
175,1,1,0.011544358916580677,0.9884556531906128
176,1,1,0.003248170716688037,0.9967519044876099
177,1,1,0.000920082617085427,0.9990799427032471
178,1,1,0.00043633810128085315,0.9995636343955994
179,1,1,0.006667506415396929,0.9933324456214905
180,0,0,0.9998589754104614,0.00014095133519731462
181,0,0,0.9998875856399536,0.00011238273873459548
182,1,1,0.00030332658207044005,0.9996967315673828
183,0,0,0.9998989105224609,0.0001011104614008218
184,0,0,0.999715268611908,0.00028466200456023216
185,1,1,0.002756783040240407,0.9972431659698486
186,0,0,0.9998781681060791,0.00012181606143712997
187,0,0,0.9995126724243164,0.0004872891877312213
188,0,0,0.9998212456703186,0.00017872368334792554
189,0,0,0.9994825124740601,0.0005174936377443373
190,1,1,0.00042510393541306257,0.9995748400688171
191,1,1,0.00030828724266029894,0.9996917247772217
192,0,0,0.9999157190322876,8.422719110967591e-05
193,0,0,0.9999061822891235,9.375894296681508e-05
194,0,0,0.9999072551727295,9.269014117307961e-05
195,1,1,0.011281552724540234,0.9887185096740723
196,0,0,0.9998800754547119,0.00011988860205747187
197,1,1,0.0004846067458856851,0.9995154142379761
198,0,0,0.9995571970939636,0.0004428345710039139
199,1,1,0.0007121296948753297,0.9992879033088684
200,0,0,0.9998960494995117,0.00010394486889708787
201,0,0,0.9995808005332947,0.00041925907135009766
202,0,0,0.9998950958251953,0.00010488467523828149
203,1,1,0.0003460166626609862,0.9996539354324341
204,0,0,0.9998838901519775,0.00011615391849773005
205,0,0,0.9994294047355652,0.0005705625517293811
206,0,0,0.9995501637458801,0.0004498011840041727
207,0,0,0.9998449087142944,0.00015510346565861255
208,1,1,0.0004522722738329321,0.9995476603507996
209,0,0,0.9998737573623657,0.00012625829549506307
210,0,0,0.9998939037322998,0.00010614042548695579
211,0,0,0.9996769428253174,0.0003230303118471056
212,0,0,0.9998948574066162,0.00010516078327782452
213,0,0,0.9998953342437744,0.00010468054097145796
214,0,0,0.9998834133148193,0.00011660247400868684
215,1,1,0.00029563080170191824,0.9997043013572693
216,0,0,0.9998822212219238,0.00011780007480410859
217,0,0,0.9998961687088013,0.0001037956026266329
218,1,1,0.0004524497489910573,0.99954754114151
219,0,0,0.9998806715011597,0.00011928535968763754
220,1,1,0.00042437438969500363,0.999575674533844
221,0,0,0.9999080896377563,9.184864029521123e-05
222,0,0,0.9998682737350464,0.0001316990819759667
223,0,0,0.999889612197876,0.0001103385366150178
224,0,0,0.9999008178710938,9.918800788000226e-05
225,0,0,0.9998892545700073,0.00011070276377722621
226,0,0,0.9998824596405029,0.00011750478734029457
227,0,0,0.9998981952667236,0.00010176511568715796
228,0,0,0.9998989105224609,0.00010110062430612743
229,0,0,0.9998400211334229,0.00015989727398846298
230,0,0,0.9997878670692444,0.00021209353872109205
231,1,1,0.00027639130712486804,0.9997236132621765
232,0,0,0.9999077320098877,9.22392209758982e-05
233,0,0,0.9998880624771118,0.00011191509111085907
234,0,0,0.9998621940612793,0.00013778306310996413
235,0,0,0.9998761415481567,0.0001238869153894484
236,0,0,0.999620795249939,0.0003791907802224159
237,1,1,0.0003480241575744003,0.9996520280838013
238,0,0,0.9998705387115479,0.0001294158137170598
239,0,0,0.9967870712280273,0.00321293156594038
240,0,0,0.9998772144317627,0.0001228111796081066
241,0,0,0.9993725419044495,0.0006274801562540233
242,1,1,0.0002838649379555136,0.9997161030769348
243,0,0,0.9998817443847656,0.00011825701221823692
244,0,0,0.9997881054878235,0.00021192211715970188
245,0,0,0.9997939467430115,0.00020608126942534
246,0,0,0.8190063834190369,0.18099360167980194
247,0,0,0.9998358488082886,0.00016412345576100051
248,0,0,0.9998444318771362,0.00015558692393824458
249,0,0,0.9999140501022339,8.590827201260254e-05
250,0,0,0.9996957778930664,0.0003042766184080392
251,0,0,0.9998898506164551,0.00011017768702004105
252,0,0,0.9998633861541748,0.00013658718671649694
253,0,0,0.9997430443763733,0.00025695032672956586
254,0,0,0.9998670816421509,0.00013290879724081606
255,1,1,0.00029928633011877537,0.9997007846832275
256,0,0,0.9998694658279419,0.00013056310126557946
257,0,0,0.999648928642273,0.0003510109963826835
258,0,0,0.9998959302902222,0.00010408660455141217
259,0,0,0.9999101161956787,8.981925930129364e-05
260,0,0,0.9994175434112549,0.0005824280087836087
261,0,0,0.9998910427093506,0.000108941356302239
262,1,1,0.00047480742796324193,0.9995251893997192
263,0,0,0.9998237490653992,0.0001763379550538957
264,0,0,0.9994645714759827,0.0005354872555471957
265,0,0,0.9998052716255188,0.000194716383703053
266,0,0,0.9998807907104492,0.00011921975237783045
267,0,0,0.9996538162231445,0.0003461912274360657
268,0,0,0.9998618364334106,0.0001381632755510509
269,1,1,0.021718604490160942,0.9782813787460327
270,0,0,0.9997245669364929,0.00027539092116057873
271,1,1,0.00040891283424571157,0.999591052532196
272,0,0,0.999679446220398,0.0003205224929843098
273,0,0,0.9998375177383423,0.0001624763972358778
274,1,1,0.00027986441273242235,0.9997201561927795
275,0,0,0.9998528957366943,0.00014704145723953843
276,0,0,0.9998888969421387,0.00011113642540294677
277,0,0,0.9998158812522888,0.000184161719516851
278,0,0,0.9998599290847778,0.0001400040346197784
279,0,0,0.9998539686203003,0.00014598487177863717
280,1,1,0.00039460608968511224,0.9996053576469421
281,0,0,0.9998986721038818,0.00010137518256669864
282,0,0,0.9998992681503296,0.00010067866242025048
283,0,0,0.9999070167541504,9.293104085372761e-05
284,0,0,0.9646874070167542,0.035312578082084656
285,0,0,0.9998944997787476,0.0001055054017342627
286,0,0,0.9998968839645386,0.00010308599303243682
287,0,0,0.9994009733200073,0.0005990706267766654
288,0,0,0.9998960494995117,0.00010399414168205112
289,0,0,0.9996551275253296,0.00034488114761188626
290,0,0,0.999906063079834,9.388733451487496e-05
291,1,1,0.00043047621147707105,0.9995694756507874
292,0,0,0.9998492002487183,0.00015080707089509815
293,0,0,0.9999063014984131,9.366618905914947e-05
294,0,0,0.999538779258728,0.0004612012126017362
295,0,0,0.9998682737350464,0.00013175673666410148
296,0,0,0.9998747110366821,0.0001252280781045556
297,0,0,0.9997968077659607,0.0002032352495007217
298,0,0,0.9958705306053162,0.004129498731344938
299,1,1,0.00027328202850185335,0.9997267127037048
300,0,0,0.999914288520813,8.568834891775623e-05
301,0,0,0.9999120235443115,8.800491923466325e-05
302,0,0,0.9998681545257568,0.00013181478425394744
303,0,0,0.9997047781944275,0.00029515597270801663
304,1,1,0.00036736586480401456,0.9996325969696045
305,1,1,0.0004833249549847096,0.9995167255401611
306,0,0,0.9998657703399658,0.00013419320748653263
307,0,0,0.9978858828544617,0.0021141457837074995
308,0,0,0.9997649788856506,0.00023507776495534927
309,0,0,0.9999052286148071,9.47545631788671e-05
310,0,0,0.9992871880531311,0.0007128959987312555
311,1,1,0.006119587458670139,0.9938803911209106
312,1,1,0.00031384435715153813,0.9996861219406128
313,0,0,0.9996652603149414,0.0003347078163642436
314,0,0,0.9998216032981873,0.00017841481894720346
315,0,0,0.9997981190681458,0.00020191505609545857
316,0,0,0.9991047978401184,0.0008952274802140892
317,0,0,0.9999099969863892,8.999433339340612e-05
318,0,0,0.9998447895050049,0.00015514515689574182
319,1,1,0.015900861471891403,0.9840991497039795
320,0,0,0.9998753070831299,0.00012469972716644406
321,1,1,0.00031535420566797256,0.9996846914291382
322,0,0,0.9996993541717529,0.0003006607876159251
323,0,0,0.9997178912162781,0.000282102933852002
324,0,0,0.9997532963752747,0.0002467616577632725
325,1,1,0.0008465987630188465,0.9991533756256104
326,0,0,0.9999035596847534,9.646232501836494e-05
327,0,0,0.9901873469352722,0.009812681004405022
328,0,0,0.9994516968727112,0.0005482654669322073
329,0,0,0.9998651742935181,0.00013482669601216912
330,0,0,0.9999080896377563,9.184881491819397e-05
331,0,0,0.9998289346694946,0.00017107151506934315
332,0,0,0.999868631362915,0.00013133150059729815
333,0,0,0.9994055032730103,0.0005944918375462294
334,1,1,0.0030583881307393312,0.9969416260719299
335,0,0,0.999830961227417,0.0001689943455858156
336,0,0,0.9998868703842163,0.00011316594464005902
337,0,0,0.9998903274536133,0.00010964023385895416
338,0,0,0.9997683167457581,0.00023163472360465676
339,1,1,0.0012572489213198423,0.9987427592277527
340,0,0,0.999854564666748,0.00014543204451911151
341,0,0,0.9995076656341553,0.0004923104424960911
342,0,0,0.9998934268951416,0.00010661729902494699
343,0,0,0.9999064207077026,9.362833225168288e-05
344,1,1,0.00029533193446695805,0.9997046589851379
345,0,0,0.9998565912246704,0.00014334553270600736
346,1,1,0.0006157151074148715,0.9993842840194702
347,0,0,0.9999006986618042,9.926057100528851e-05
348,0,0,0.9998966455459595,0.00010331744852010161
349,0,0,0.9998053908348083,0.00019466070807538927
350,0,0,0.9998694658279419,0.0001305416808463633
351,0,0,0.9998946189880371,0.00010535921319387853
352,0,0,0.9998146891593933,0.00018532786634750664
353,0,0,0.9997783303260803,0.00022167852148413658
354,1,1,0.0005159269785508513,0.9994840621948242
355,0,0,0.9999052286148071,9.473232785239816e-05
356,0,0,0.999727189540863,0.0002728342660702765
357,0,0,0.999803364276886,0.00019666773732751608
358,0,0,0.9998983144760132,0.00010162915714317933
359,0,0,0.9998471736907959,0.00015283493848983198
360,0,0,0.9999144077301025,8.563183655496687e-05
361,0,0,0.9998103976249695,0.00018965033814311028
362,0,0,0.9999094009399414,9.064096229849383e-05
363,0,0,0.9998624324798584,0.00013759479043073952
364,0,0,0.9998131394386292,0.00018692864978220314
365,0,0,0.9998447895050049,0.000155222398461774
366,0,0,0.9999057054519653,9.423624578630552e-05
367,0,0,0.9999046325683594,9.531388059258461e-05
368,1,1,0.0003857584379147738,0.9996142387390137
369,0,0,0.9994053840637207,0.0005945618031546474
370,0,0,0.9998691082000732,0.00013089567073620856
371,0,0,0.9998983144760132,0.00010164078412344679
372,0,0,0.9998562335968018,0.00014372904843185097
373,0,0,0.999734103679657,0.00026587717002257705
374,0,0,0.9999045133590698,9.550894901622087e-05
375,0,0,0.9998937845230103,0.00010621625551721081
376,0,0,0.9997904896736145,0.0002095251838909462
377,1,1,0.0002699661999940872,0.9997300505638123
378,0,0,0.9998486042022705,0.00015137471200432628
379,0,0,0.9998613595962524,0.00013860981562174857
380,0,0,0.9998642206192017,0.00013571165618486702
381,1,1,0.0005600511212833226,0.9994398951530457
382,0,0,0.999268114566803,0.000731856154743582
383,0,0,0.9997145533561707,0.0002853750193025917
384,0,0,0.999811589717865,0.00018838045070879161
385,0,0,0.9998934268951416,0.0001065556934918277
386,0,0,0.9997116923332214,0.000288237672066316
387,1,1,0.0011473617050796747,0.9988526105880737
388,1,1,0.00028066494269296527,0.9997193217277527
389,1,1,0.0004573314217850566,0.9995427131652832
390,0,0,0.9998124241828918,0.00018757175712380558
391,0,0,0.9994569420814514,0.0005430598394013941
392,0,0,0.9998929500579834,0.00010699187987484038
393,0,0,0.9996010661125183,0.0003989875258412212
394,1,1,0.00034506397787481546,0.9996548891067505
395,0,0,0.9992406368255615,0.0007593550253659487
396,0,0,0.9998847246170044,0.00011523691500769928
397,0,0,0.999876856803894,0.00012306930148042738
398,0,0,0.9998836517333984,0.00011629088839981705
399,0,0,0.9993333220481873,0.0006666552508249879
400,0,0,0.9997876286506653,0.00021243112860247493
401,1,1,0.0005035460344515741,0.9994964599609375
402,1,1,0.0003896770649589598,0.9996103644371033
403,0,0,0.9919329285621643,0.008067122660577297
404,0,0,0.9997875094413757,0.0002124469174304977
405,0,0,0.9998648166656494,0.0001352120452793315
406,0,0,0.9998297691345215,0.0001701468281680718
407,0,0,0.999771773815155,0.00022822580649517477
408,1,1,0.000396475603338331,0.9996035695075989
409,0,0,0.9999116659164429,8.836828783387318e-05
410,0,0,0.9986879229545593,0.001312140841037035
411,1,1,0.00029340668697841465,0.9997065663337708
412,0,0,0.9999034404754639,9.656687325332314e-05
413,0,0,0.99922776222229,0.0007722571026533842
414,0,0,0.9998071789741516,0.0001928355050040409
415,0,0,0.9999074935913086,9.246890840586275e-05
416,0,0,0.9999121427536011,8.7810265540611e-05
417,1,1,0.0006892770761623979,0.9993107318878174
418,0,0,0.9993915557861328,0.0006084571359679103
419,0,0,0.9997221827507019,0.000277750106761232
420,0,0,0.9998955726623535,0.00010446386295370758
421,0,0,0.9998800754547119,0.00011989637278020382
422,1,1,0.000553761376067996,0.9994462132453918
423,1,1,0.0004902812652289867,0.9995096921920776
424,1,1,0.00034056551521643996,0.9996594190597534
425,0,0,0.9998816251754761,0.00011833168537123129
426,0,0,0.9995942711830139,0.00040571397403255105
427,0,0,0.9999028444290161,9.716913336887956e-05
428,0,0,0.9994124174118042,0.0005876275827176869
429,0,0,0.9999041557312012,9.586316446075216e-05
430,0,0,0.9998980760574341,0.0001019136980175972
431,0,0,0.9996984004974365,0.00030162918847054243
432,1,1,0.0011598438723012805,0.9988401532173157
433,0,0,0.9491987228393555,0.05080125108361244
434,1,1,0.002545487368479371,0.9974544644355774
435,0,0,0.9998806715011597,0.000119313808681909
436,0,0,0.9998944997787476,0.00010548225691309199
437,0,0,0.9998437166213989,0.0001563137921039015
438,1,1,0.0037567520048469305,0.9962432384490967
439,1,1,0.0007567916181869805,0.9992432594299316
440,0,0,0.9999058246612549,9.41869366215542e-05
441,0,0,0.9995372295379639,0.00046279412345029414
442,0,0,0.9052814841270447,0.09471849352121353
443,0,0,0.999813973903656,0.00018607330275699496
444,1,1,0.0010563420364633203,0.9989436268806458
445,0,0,0.9999042749404907,9.569008398102596e-05
446,0,0,0.9995905756950378,0.0004094790783710778
447,0,0,0.9998140931129456,0.00018592042033560574
448,0,0,0.9998162388801575,0.00018379684479441494
449,0,0,0.9998937845230103,0.00010622740228427574
450,0,0,0.9993719458580017,0.0006280263769440353
451,1,1,0.0008025771239772439,0.9991974234580994
452,1,1,0.00039639734313823283,0.9996035695075989
453,0,0,0.9998835325241089,0.00011647767678368837
454,0,0,0.999702513217926,0.0002974580565933138
455,0,0,0.9998577833175659,0.00014222529716789722
456,0,0,0.9999064207077026,9.357467934023589e-05
457,0,0,0.998896598815918,0.0011034165509045124
458,0,0,0.9998753070831299,0.00012467095803003758
459,0,0,0.9995701909065247,0.00042980234138667583
460,0,0,0.999742329120636,0.00025762736913748085
461,0,0,0.9998732805252075,0.00012669559509959072
462,0,0,0.9793845415115356,0.02061542682349682
463,0,0,0.9935785531997681,0.006421464029699564
464,0,0,0.9998875856399536,0.0001124081463785842
465,0,0,0.9999027252197266,9.721601963974535e-05
466,0,0,0.9998699426651001,0.00013008341193199158
467,0,0,0.9996557235717773,0.00034423271426931024
468,1,1,0.00031377736013382673,0.9996862411499023
469,1,1,0.00039431959157809615,0.9996057152748108
470,0,0,0.9999021291732788,9.781272819964215e-05
471,0,0,0.9998669624328613,0.00013299791316967458
472,0,0,0.9998921155929565,0.00010791117529151961
473,0,0,0.9999094009399414,9.053781832335517e-05
474,0,0,0.9972876310348511,0.0027124304324388504
475,0,0,0.9996824264526367,0.0003175487508997321
476,0,0,0.9906524419784546,0.009347555227577686
477,0,0,0.9998621940612793,0.0001377612497890368
478,0,0,0.9998931884765625,0.00010685495362849906
479,0,0,0.999884843826294,0.00011508777970448136
480,0,0,0.99959796667099,0.0004020335036329925
481,0,0,0.9997995495796204,0.00020051031606271863
482,0,0,0.999906063079834,9.389503247803077e-05
483,0,0,0.9986867308616638,0.001313326763920486
484,0,0,0.999723494052887,0.0002764534729067236
485,0,0,0.9998672008514404,0.00013276793470140547
486,0,0,0.9998944997787476,0.00010547481360845268
487,0,0,0.9998894929885864,0.00011052113404730335
488,1,1,0.00042916464735753834,0.9995707869529724
489,0,0,0.9992746710777283,0.0007253073272295296
490,1,1,0.00031955010490491986,0.9996805191040039
491,0,0,0.9994518160820007,0.0005481484113261104
492,0,0,0.9998169541358948,0.0001830619148677215
493,0,0,0.9995782971382141,0.00042165786726400256
494,1,1,0.0003440033760853112,0.9996559619903564
495,0,0,0.9994255304336548,0.0005744951195083559
496,0,0,0.9881138205528259,0.011886230669915676
497,0,0,0.9997077584266663,0.00029215667746029794
498,0,0,0.5182062387466431,0.48179370164871216
499,0,0,0.9998748302459717,0.0001251700596185401
500,1,1,0.0003318314556963742,0.9996681213378906
501,1,1,0.0011635826667770743,0.9988364577293396
502,1,1,0.0011730085825547576,0.9988270401954651
503,0,0,0.9998993873596191,0.00010063048102892935
504,0,0,0.9998171925544739,0.00018284247198607773
505,0,0,0.9998903274536133,0.00010971240408252925
506,1,1,0.0003997466410510242,0.9996002316474915
507,1,1,0.00033892967621795833,0.9996610879898071
508,0,0,0.9998855590820312,0.00011438516230555251
509,0,0,0.9997851252555847,0.0002148965431842953
510,0,0,0.9998975992202759,0.00010242557618767023
511,1,1,0.0004069579881615937,0.9995930790901184
512,1,1,0.0003628255508374423,0.9996371269226074
513,0,0,0.9991841912269592,0.0008158195414580405
514,0,0,0.9998555183410645,0.00014441992971114814
515,0,0,0.9998414516448975,0.0001584933343110606
516,0,0,0.999883770942688,0.0001162050903076306
517,0,0,0.9998810291290283,0.00011892215115949512
518,1,1,0.0036864306312054396,0.9963136315345764
519,0,0,0.9993329644203186,0.0006669736467301846
520,1,1,0.0003196372417733073,0.9996803998947144
521,0,0,0.9996745586395264,0.00032551155891269445
522,1,1,0.00056077865883708,0.9994391798973083
523,0,0,0.9998028874397278,0.00019708785112015903
524,1,1,0.01200835220515728,0.9879916310310364
525,1,1,0.0009038613643497229,0.999096155166626
526,0,0,0.999866247177124,0.00013373461843002588
527,0,0,0.9992421865463257,0.0007578289369121194
528,0,0,0.999524712562561,0.00047528790310025215
529,1,1,0.0003485746856313199,0.9996514320373535
530,1,1,0.0003279054944869131,0.9996720552444458
531,0,0,0.9985305070877075,0.0014694624114781618
532,0,0,0.9999009370803833,9.905690239975229e-05
533,0,0,0.9987928867340088,0.0012070690281689167
534,1,1,0.0004943199455738068,0.9995056390762329
535,0,0,0.9998990297317505,0.00010099203063873574
536,0,0,0.9998078942298889,0.0001921247021527961
537,0,0,0.9997604489326477,0.00023951871844474226
538,0,0,0.999853253364563,0.00014674494741484523
539,1,1,0.0005323851364664733,0.999467670917511
540,0,0,0.9998949766159058,0.00010498873598407954
541,0,0,0.9998974800109863,0.00010255781671730801
542,0,0,0.9998935461044312,0.00010646794544300064
543,0,0,0.9999101161956787,8.984393207356334e-05
544,0,0,0.9998569488525391,0.00014302700583357364
545,0,0,0.999742329120636,0.00025764331803657115
546,0,0,0.9998496770858765,0.00015031493967399
547,1,1,0.0002784622774925083,0.9997214674949646
548,0,0,0.9997192025184631,0.0002807457931339741
549,0,0,0.9998636245727539,0.00013638052041642368
550,0,0,0.9999048709869385,9.51252004597336e-05
551,0,0,0.9997844099998474,0.0002155601978302002
552,0,0,0.9999048709869385,9.512910037301481e-05
553,0,0,0.9998617172241211,0.00013826160284224898
554,0,0,0.99988853931427,0.00011140921560581774
555,1,1,0.0003872266970574856,0.9996127486228943
556,0,0,0.9998855590820312,0.0001144366615335457
557,1,1,0.0007386540528386831,0.9992613196372986
558,0,0,0.9998283386230469,0.0001715823309496045
559,0,0,0.9998992681503296,0.00010067424591397867
560,0,0,0.9997966885566711,0.0002033389318967238
561,1,1,0.0014517217641696334,0.9985482096672058
562,0,0,0.9999082088470459,9.172557474812493e-05
563,1,1,0.0004135586495976895,0.9995864033699036
564,1,1,0.0003442812885623425,0.9996557235717773
565,1,1,0.005032079294323921,0.9949678778648376
566,0,0,0.9987344145774841,0.0012656257022172213
567,0,0,0.9998506307601929,0.00014939799439162016
568,0,0,0.999089241027832,0.0009108055965043604
569,0,0,0.9998419284820557,0.00015806200099177659
570,1,1,0.0003733701887540519,0.999626636505127
571,0,0,0.9998779296875,0.00012201159552205354
572,1,1,0.0004674175870604813,0.9995325803756714
573,1,1,0.0007850739639252424,0.9992148876190186
574,0,0,0.999900221824646,9.982098708860576e-05
575,0,0,0.9999098777770996,9.014188981382176e-05
576,1,1,0.00032413474400527775,0.9996758699417114
577,0,0,0.9997290968894958,0.0002709140535444021
578,0,0,0.999894380569458,0.00010562156239757314
579,1,1,0.0004435842274688184,0.9995563626289368
580,0,0,0.9998764991760254,0.00012352055637165904
581,0,0,0.9997859597206116,0.0002141062868759036
582,0,0,0.9999115467071533,8.848558354657143e-05
583,1,1,0.00042894689249806106,0.9995710253715515
584,0,0,0.9963899254798889,0.0036100205034017563
585,0,0,0.99980229139328,0.00019775950931943953
586,1,1,0.00027567020151764154,0.9997243285179138
587,1,1,0.011877580545842648,0.9881224036216736
588,0,0,0.9998652935028076,0.00013468341785483062
589,0,0,0.9998974800109863,0.00010249895422020927
590,0,0,0.9997599720954895,0.00024000975827220827
591,0,0,0.9763081073760986,0.023691875860095024
592,0,0,0.9998658895492554,0.00013404458877630532
593,0,0,0.9998478889465332,0.00015214367886073887
594,1,1,0.00046941658365540206,0.999530553817749
595,1,1,0.00034416577545925975,0.9996558427810669
596,1,1,0.00037786317989230156,0.999622106552124
597,0,0,0.9998989105224609,0.00010105002002092078
598,1,1,0.008955620229244232,0.9910444021224976
599,0,0,0.9998399019241333,0.0001601113472133875
600,0,0,0.9998534917831421,0.0001464767992729321
601,0,0,0.9994402527809143,0.0005596778355538845
602,0,0,0.9998817443847656,0.00011824302782770246
603,0,0,0.9998632669448853,0.00013668932660948485
604,0,0,0.9998668432235718,0.00013312086230143905
605,0,0,0.9998801946640015,0.00011974440712947398
606,0,0,0.9998745918273926,0.00012533320114016533
607,0,0,0.9998903274536133,0.00010965863475576043
608,0,0,0.9998489618301392,0.00015101917961146683
609,1,1,0.1859159916639328,0.814083993434906
610,0,0,0.9998807907104492,0.00011914792412426323
611,1,1,0.0035602988209575415,0.9964396357536316
612,0,0,0.9999053478240967,9.460332512389868e-05
613,1,1,0.00035006707184948027,0.9996498823165894
614,0,0,0.9998817443847656,0.00011823581007774919
615,1,1,0.0005480156978592277,0.9994519352912903
616,0,0,0.9996680021286011,0.00033204760984517634
617,1,1,0.00029628968331962824,0.9997037053108215
618,0,0,0.9997164607048035,0.000283567700535059
619,0,0,0.9999109506607056,8.903183334041387e-05
620,0,0,0.9998703002929688,0.00012964651978109032
621,0,0,0.9998918771743774,0.00010808552178787068
622,0,0,0.9999144077301025,8.562725997762755e-05
623,1,1,0.00034594180760905147,0.9996540546417236
624,1,1,0.05794413760304451,0.942055881023407
625,0,0,0.9999136924743652,8.634603000245988e-05
626,0,0,0.9999029636383057,9.69687316683121e-05
627,0,0,0.9982228875160217,0.0017771010752767324
628,1,1,0.01073478814214468,0.9892652034759521
629,0,0,0.9996722936630249,0.0003277717623859644
630,1,1,0.041283831000328064,0.9587161540985107
631,0,0,0.9996582269668579,0.0003417824918869883
632,0,0,0.9997480511665344,0.00025189787265844643
633,0,0,0.9998483657836914,0.00015155725122895092
634,0,0,0.9995176792144775,0.00048226851504296064
635,1,1,0.0008533127256669104,0.9991466999053955
636,0,0,0.9998620748519897,0.00013789346849080175
637,0,0,0.9999083280563354,9.168886026600376e-05
638,0,0,0.9998626708984375,0.0001373305422021076
639,0,0,0.9997639060020447,0.00023613875964656472
640,0,0,0.9996895790100098,0.00031039261375553906
641,0,0,0.9998905658721924,0.00010938187915598974
642,0,0,0.9996318817138672,0.0003680528898257762
643,0,0,0.9998948574066162,0.00010517131158849224
644,1,1,0.0004484102828428149,0.9995515942573547
645,0,0,0.9998824596405029,0.00011752182035706937
646,0,0,0.9998536109924316,0.00014632631791755557
647,0,0,0.9998099207878113,0.00019014264398720115
648,0,0,0.9998247027397156,0.00017528500757180154
649,0,0,0.9998453855514526,0.00015458815323654562
650,1,1,0.002859479980543256,0.9971405267715454
651,0,0,0.9997863173484802,0.000213749342947267
652,0,0,0.9997586607933044,0.00024137936998158693
653,0,0,0.9997803568840027,0.00021967673092149198
654,1,1,0.0006633561570197344,0.9993366599082947
655,0,1,0.06640392541885376,0.9335960745811462
656,0,0,0.9999037981033325,9.617043542675674e-05
657,1,1,0.002588676055893302,0.99741131067276
658,0,0,0.999799907207489,0.000200077542103827
659,1,1,0.0002784233074635267,0.9997215867042542
660,0,0,0.9998816251754761,0.00011837163765449077
661,0,0,0.9999125003814697,8.74506076797843e-05
662,0,0,0.999904990196228,9.498379949945956e-05
663,1,1,0.0066030509769916534,0.9933968782424927
664,0,0,0.9998769760131836,0.00012300243542995304
665,0,0,0.9998899698257446,0.00011001662642229348
666,0,0,0.9998700618743896,0.00012986267392989248
667,1,1,0.0002791720617096871,0.9997207522392273
668,0,0,0.9997394680976868,0.0002604763431008905
669,0,0,0.9987722039222717,0.0012277874629944563
670,0,0,0.9998629093170166,0.0001370176614727825
671,0,0,0.9999096393585205,9.039832366397604e-05
672,0,0,0.9990342855453491,0.0009657167829573154
673,0,0,0.9998692274093628,0.00013078589108772576
674,1,1,0.0008398583740927279,0.9991601705551147
675,0,0,0.999819815158844,0.00018026797624770552
676,0,0,0.9995755553245544,0.00042450125329196453
677,0,0,0.9993675351142883,0.0006324894493445754
678,0,0,0.7488884329795837,0.25111159682273865
679,0,0,0.9997902512550354,0.00020974385552108288
680,0,0,0.999894380569458,0.00010556768393144011
681,0,0,0.9998891353607178,0.00011081809498136863
682,0,0,0.9998875856399536,0.00011244974302826449
683,1,1,0.00038831590791232884,0.9996116757392883
684,1,0,0.9969563484191895,0.003043617121875286
685,0,0,0.999910831451416,8.919466199586168e-05
686,0,0,0.9998825788497925,0.00011738137254724279
687,0,0,0.9993890523910522,0.0006108763627707958
688,0,0,0.9680610299110413,0.03193902224302292
689,1,1,0.0003838291158899665,0.9996161460876465
690,0,0,0.999263346195221,0.0007366225472651422
691,0,0,0.9997548460960388,0.00024519269936718047
692,0,0,0.996950089931488,0.0030499454587697983
693,0,0,0.9994888305664062,0.0005111570353619754
694,0,0,0.999882698059082,0.00011725517833838239
695,0,0,0.9982138872146606,0.0017861385131254792
696,0,0,0.999686598777771,0.0003133743302896619
697,0,0,0.9998433589935303,0.0001566232240293175
698,0,0,0.9997712969779968,0.00022871507098898292
699,0,0,0.9997057318687439,0.0002942307910416275
700,1,1,0.0005430093151517212,0.9994569420814514
701,0,0,0.9998888969421387,0.00011104721488663927
702,0,0,0.9995631575584412,0.0004368819063529372
703,0,0,0.9995245933532715,0.00047543924301862717
704,1,1,0.008574440144002438,0.9914255142211914
705,0,0,0.9996793270111084,0.0003207239496987313
706,0,0,0.999581515789032,0.00041845228406600654
707,0,0,0.9998888969421387,0.0001111321835196577
708,0,0,0.9999135732650757,8.642955799587071e-05
709,0,0,0.9999117851257324,8.81739251781255e-05
710,1,1,0.0010477108880877495,0.9989522695541382
711,0,0,0.9996625185012817,0.00033746284316293895
712,0,0,0.9996628761291504,0.00033711071591824293
713,1,1,0.006012990139424801,0.993986964225769
714,0,0,0.999485969543457,0.0005139503045938909
715,0,0,0.9997522234916687,0.0002477697271388024
716,0,0,0.9990563988685608,0.0009435585234314203
717,0,0,0.9990052580833435,0.0009947475045919418
718,1,1,0.02277359366416931,0.9772263765335083
719,0,0,0.9999076128005981,9.24368214327842e-05
720,0,0,0.9998931884765625,0.00010683457367122173
721,0,0,0.9998897314071655,0.00011026765423594043
722,0,0,0.9995940327644348,0.0004059495695400983
723,0,0,0.9998495578765869,0.00015037225966807455
724,0,0,0.9997707009315491,0.00022927354439161718
725,0,0,0.9997542500495911,0.0002457168884575367
726,0,0,0.9998608827590942,0.00013905050582252443
727,0,0,0.9998273253440857,0.00017264824418816715
728,0,0,0.9999014139175415,9.859476267592981e-05
729,0,0,0.9979246854782104,0.002075324999168515
730,0,0,0.9995903372764587,0.00040970242116600275
731,1,1,0.00032798745087347925,0.9996720552444458
732,0,0,0.9999141693115234,8.578653796575963e-05
733,0,0,0.9994353652000427,0.0005645683850161731
734,0,0,0.9999076128005981,9.239125938620418e-05
735,0,0,0.999858021736145,0.0001419456530129537
736,0,0,0.9998937845230103,0.00010615671635605395
737,0,0,0.9996675252914429,0.0003324432182125747
738,0,0,0.9998698234558105,0.00013017225137446076
739,0,0,0.9996432065963745,0.00035676802508533
740,0,0,0.9998372793197632,0.0001626552693778649
741,1,1,0.0009880352299660444,0.9990119934082031
742,0,0,0.9998711347579956,0.0001288449566345662
743,0,0,0.9997161030769348,0.0002839150547515601
744,1,1,0.017188988626003265,0.9828109741210938
745,1,1,0.0002930907648988068,0.9997069239616394
746,0,0,0.9996981620788574,0.00030183460330590606
747,0,0,0.9998544454574585,0.00014553900109604
748,1,1,0.0007496399921365082,0.9992503523826599
749,1,1,0.01088891550898552,0.9891111254692078
750,1,1,0.0003333019558340311,0.999666690826416
751,1,1,0.46073922514915466,0.5392606854438782
752,0,0,0.9998736381530762,0.00012639439955819398
753,0,0,0.9998924732208252,0.00010746181214926764
754,0,0,0.9998836517333984,0.0001162789121735841
755,0,0,0.9997368454933167,0.000263145484495908
756,0,0,0.9996693134307861,0.00033065324532799423
757,0,0,0.9998831748962402,0.00011678005830617622
758,0,0,0.99985671043396,0.00014322584320325404
759,0,0,0.9997459053993225,0.00025404227199032903
760,0,0,0.9999114274978638,8.85885747266002e-05
761,0,0,0.9998914003372192,0.0001086043703253381
762,0,0,0.9997722506523132,0.00022770630312152207
763,0,0,0.9998940229415894,0.00010598173685139045
764,0,0,0.9996919631958008,0.0003080674505326897
765,0,0,0.9994328618049622,0.0005671399994753301
766,0,0,0.9998094439506531,0.00019053644791711122
767,0,0,0.9998447895050049,0.0001552326139062643
768,0,0,0.9985143542289734,0.0014856104971840978
769,1,1,0.0007524098036810756,0.999247670173645
770,0,0,0.999637246131897,0.0003627326514106244
771,0,0,0.9999066591262817,9.327782754553482e-05
772,0,0,0.9998906850814819,0.0001092438687919639
773,0,0,0.9996459484100342,0.00035404946538619697
774,0,0,0.9998800754547119,0.00011992244253633544
775,0,0,0.9998002648353577,0.00019981410878244787
776,0,0,0.9998329877853394,0.00016701467393431813
777,0,0,0.9998389482498169,0.0001610616163816303
778,0,0,0.999772846698761,0.00022721878485754132
779,1,1,0.06012556329369545,0.9398744702339172
780,1,1,0.002001614309847355,0.9979984164237976
781,0,0,0.9998910427093506,0.00010895881860051304
782,0,0,0.9998680353164673,0.0001319611765211448
783,1,1,0.12925854325294495,0.8707414269447327
784,0,0,0.9992644190788269,0.0007355920970439911
785,0,0,0.9996488094329834,0.000351226597558707
786,1,1,0.002396194962784648,0.9976038336753845
787,0,0,0.9996756315231323,0.000324419786920771
788,1,1,0.0003116385778412223,0.9996883869171143
789,0,0,0.9997544884681702,0.0002455684298183769
790,1,1,0.0002983052108902484,0.9997016787528992
791,0,0,0.9999014139175415,9.85364822554402e-05
792,0,0,0.999322772026062,0.0006772629567421973
793,0,0,0.9998942613601685,0.00010574229236226529
794,1,1,0.00030905706807971,0.9996910095214844
795,0,0,0.9998797178268433,0.00012023824092466384
796,0,0,0.9998230338096619,0.00017697278235573322
797,0,0,0.9997777342796326,0.00022231036564335227
798,1,1,0.0004295700928196311,0.9995704293251038
799,0,0,0.9999063014984131,9.366654558107257e-05
800,0,0,0.9998512268066406,0.00014875987835694104
801,1,1,0.035462234169244766,0.9645377397537231
802,1,1,0.0003064095799345523,0.9996936321258545
803,0,0,0.9998959302902222,0.00010401873441878706
804,1,1,0.001189296948723495,0.9988107681274414
805,1,1,0.08334662765264511,0.9166533946990967
806,0,0,0.9995949864387512,0.00040497223380953074
807,1,1,0.00033215590519830585,0.9996678829193115
808,1,1,0.00981207750737667,0.99018794298172
809,0,0,0.9996161460876465,0.0003838140983134508
810,0,0,0.9997989535331726,0.00020102255803067237
811,0,0,0.9995999932289124,0.00040002301102504134
812,0,0,0.9993131160736084,0.0006868685595691204
813,1,1,0.00036242869100533426,0.9996376037597656
814,0,0,0.9993683695793152,0.0006316283252090216
815,0,0,0.9998486042022705,0.00015142234042286873
816,0,0,0.9998987913131714,0.00010125403059646487
817,0,0,0.9835317134857178,0.01646827533841133
818,0,0,0.9998944997787476,0.00010547843703534454
819,0,0,0.9902921319007874,0.009707853198051453
820,0,0,0.999872088432312,0.00012790338951162994
821,1,1,0.00028830859810113907,0.9997116923332214
822,0,0,0.9998871088027954,0.00011283384083071724
823,0,0,0.999841570854187,0.00015846281894482672
824,0,0,0.9996030926704407,0.00039694795850664377
825,0,0,0.9903634190559387,0.009636582806706429
826,0,0,0.9992600083351135,0.0007400266476906836
827,1,1,0.000400164513848722,0.9995998740196228
828,1,1,0.0009724739356897771,0.9990274906158447
829,0,0,0.9998859167098999,0.00011406711564632133
830,0,0,0.9998455047607422,0.0001545141712995246
831,0,0,0.99970942735672,0.00029056446510367095
832,0,0,0.8973416090011597,0.10265833884477615
833,1,1,0.002712865127250552,0.9972871541976929
834,0,0,0.9998540878295898,0.0001459261548006907
835,0,0,0.9998824596405029,0.00011751576676033437
836,1,1,0.0008510585757903755,0.999148964881897
837,0,0,0.999866247177124,0.000133757566800341
838,0,0,0.9999103546142578,8.960086415754631e-05
839,0,0,0.9993069171905518,0.0006930963136255741
840,0,0,0.9999022483825684,9.773357305675745e-05
841,0,0,0.9998651742935181,0.00013477462925948203
842,0,0,0.9996236562728882,0.00037634215550497174
843,0,0,0.9999129772186279,8.696163422428071e-05
844,1,1,0.0008170031360350549,0.9991829991340637
845,0,0,0.9998266100883484,0.00017338072939310223
846,1,1,0.0014379689237102866,0.9985620379447937
847,0,0,0.9996374845504761,0.00036253061261959374
848,0,0,0.9989420771598816,0.0010579475201666355
849,0,0,0.999887228012085,0.00011278856254648417
850,1,1,0.0005005961284041405,0.9994994401931763
851,1,1,0.0004116769414395094,0.9995883107185364
852,0,0,0.999871015548706,0.00012898325803689659
853,0,0,0.9993665814399719,0.0006334434729069471
854,1,1,0.0005869217566214502,0.9994131326675415
855,0,0,0.9997785687446594,0.0002213840780314058
856,0,0,0.9998855590820312,0.00011447595898061991
857,0,0,0.9999145269393921,8.543264266336337e-05
858,0,0,0.9998689889907837,0.00013103279343340546
859,1,1,0.005657949950546026,0.9943420886993408
860,1,1,0.00028278041281737387,0.9997171759605408
861,1,1,0.0005336719914339483,0.9994663596153259
862,0,0,0.9994434714317322,0.0005564902094192803
863,0,0,0.9939682483673096,0.006031735334545374
864,0,0,0.9998358488082886,0.00016416260041296482
865,0,0,0.9998561143875122,0.00014381951768882573
866,1,1,0.0003904073382727802,0.999609649181366
867,0,0,0.9998661279678345,0.00013389730884227902
868,0,0,0.9998666048049927,0.00013334851246327162
869,0,0,0.9996008276939392,0.0003992271958850324
870,0,0,0.9998410940170288,0.00015882948355283588
871,0,0,0.9998772144317627,0.00012274700566194952
872,0,0,0.9997633099555969,0.00023666481138207018
873,0,0,0.9998592138290405,0.00014071901387069374
874,0,0,0.9998853206634521,0.00011466779687907547
875,0,0,0.9997918009757996,0.0002081893471768126
876,0,0,0.9993283748626709,0.0006716839270666242
877,0,0,0.9998019337654114,0.00019805481133516878
878,1,1,0.005085744895040989,0.9949142932891846
879,0,0,0.9998617172241211,0.00013832066906616092
880,1,1,0.0003179219493176788,0.9996820688247681
881,0,0,0.9995689988136292,0.0004309939977247268
882,0,0,0.9998953342437744,0.00010466766252648085
883,1,1,0.0005449098534882069,0.9994550347328186
884,0,0,0.9998583793640137,0.0001415492151863873
885,1,1,0.001120585948228836,0.9988793730735779
886,0,0,0.9998776912689209,0.00012231447908561677
887,0,0,0.9995520710945129,0.00044786345097236335
888,0,0,0.9998440742492676,0.00015592406271025538
889,1,1,0.0004069158749189228,0.9995930790901184
890,1,1,0.01305361557751894,0.9869464039802551
891,0,0,0.9998069405555725,0.00019305333262309432
892,0,0,0.9998830556869507,0.00011687697406159714
893,1,1,0.0002803720999509096,0.9997195601463318
894,0,0,0.999850869178772,0.0001491664006607607
895,0,0,0.9998737573623657,0.00012627779506146908
896,0,0,0.9999140501022339,8.596826228313148e-05
897,0,0,0.9999130964279175,8.684710337547585e-05
898,0,0,0.9998317956924438,0.00016822457837406546
899,1,1,0.00030494193197228014,0.9996950626373291
900,0,0,0.9998689889907837,0.00013098733325023204
901,1,1,0.0034642857499420643,0.9965356588363647
902,0,0,0.9973674416542053,0.0026326142251491547
903,1,1,0.00031279350514523685,0.9996871948242188
904,0,0,0.9996912479400635,0.00030881879501976073
905,1,1,0.00039386836579069495,0.999606192111969
906,1,1,0.0004660957201849669,0.9995338916778564
907,0,0,0.9998643398284912,0.00013563867832999676
908,1,1,0.00032349073444493115,0.9996764659881592
909,0,0,0.999390721321106,0.0006092631374485791
910,0,0,0.9998519420623779,0.00014799035852774978
911,0,0,0.9998534917831421,0.00014650168304797262
912,0,0,0.9998725652694702,0.000127448292914778
913,0,0,0.9998985528945923,0.00010141288657905534
914,0,0,0.9993540644645691,0.000645976688247174
915,1,1,0.00029933566111139953,0.999700665473938
916,0,0,0.9999125003814697,8.746144885662943e-05
917,1,1,0.008378916420042515,0.9916211366653442
918,0,0,0.9998630285263062,0.0001369281962979585
919,0,0,0.9998987913131714,0.00010121850937139243
920,0,0,0.9999005794525146,9.93945068330504e-05
921,0,0,0.9983838796615601,0.001616121269762516
922,1,1,0.00031580188078805804,0.99968421459198
923,0,0,0.9996824264526367,0.0003175984020344913
924,1,1,0.0007889659027568996,0.9992109537124634
925,0,0,0.9998934268951416,0.00010660733096301556
926,0,0,0.9998757839202881,0.00012419278209563345
927,0,0,0.9999059438705444,9.401177521795034e-05
928,0,0,0.999276340007782,0.0007236541714519262
929,0,0,0.9997937083244324,0.00020634396059904248
930,0,0,0.9998656511306763,0.00013430342369247228
931,0,0,0.9998241066932678,0.00017590819334145635
932,0,0,0.9991841912269592,0.0008158016134984791
933,0,0,0.9998893737792969,0.00011058142990805209
934,0,0,0.9998764991760254,0.00012352490739431232
935,0,0,0.9997625946998596,0.00023745863290969282
936,0,0,0.9998931884765625,0.00010684200969990343
937,0,0,0.5431720018386841,0.45682796835899353
938,0,0,0.9996170997619629,0.00038288990617729723
939,1,1,0.0004132926696911454,0.9995867609977722
940,0,0,0.999887228012085,0.00011270888353465125
941,1,1,0.001161605236120522,0.9988383650779724
942,0,0,0.9998584985733032,0.00014146596367936581
943,0,0,0.9998219609260559,0.0001780092134140432
944,0,0,0.9997972846031189,0.00020268003572709858
945,0,0,0.9997355341911316,0.000264443748164922
946,0,0,0.9998927116394043,0.00010730289795901626
947,0,0,0.9999001026153564,9.984686766983941e-05
948,0,0,0.9995481371879578,0.0004517922643572092
949,0,0,0.9998960494995117,0.00010392107651568949
950,1,1,0.0003356411762069911,0.999664306640625
951,1,1,0.0034827208146452904,0.9965173006057739
952,1,1,0.0006010202341713011,0.999398946762085
953,0,0,0.9998495578765869,0.00015044742031022906
954,0,0,0.9986745119094849,0.0013254641089588404
955,0,0,0.9998821020126343,0.00011784185335272923
956,0,0,0.9998941421508789,0.00010580956586636603
957,0,0,0.9992009997367859,0.0007989826845005155
958,0,0,0.9998569488525391,0.00014303233183454722
959,0,0,0.9997826218605042,0.0002173370885429904
960,0,0,0.9995649456977844,0.0004350348317530006
961,0,0,0.9998589754104614,0.00014097137318458408
962,1,1,0.0002921127015724778,0.9997078776359558
963,0,0,0.9999010562896729,9.896192204905674e-05
964,1,1,0.0005632971879094839,0.9994366765022278
965,0,0,0.9998953342437744,0.00010464431397849694
966,0,0,0.9997619986534119,0.00023805392265785486
967,0,0,0.999863862991333,0.00013608070730697364
968,0,0,0.9998953342437744,0.00010468144319020212
969,0,0,0.9998745918273926,0.00012543340562842786
970,1,1,0.00028194909100420773,0.9997180104255676
971,0,0,0.9998522996902466,0.00014769291738048196
972,0,0,0.9998505115509033,0.00014950416516512632
973,0,0,0.9998082518577576,0.00019181464449502528
974,1,1,0.00041220986167900264,0.9995878338813782
975,0,0,0.9996899366378784,0.0003100294270552695
976,0,0,0.9998860359191895,0.00011397535854484886
977,0,0,0.999768078327179,0.00023187691112980247
978,0,0,0.9991650581359863,0.0008349737036041915
979,0,0,0.9998893737792969,0.00011063164129154757
980,1,1,0.0005316922906786203,0.9994682669639587
981,1,1,0.002648354973644018,0.9973516464233398
982,0,0,0.9998569488525391,0.00014302428462542593
983,0,0,0.9998260140419006,0.00017403332458343357
984,0,0,0.9997771382331848,0.00022284788428805768
985,0,0,0.9999014139175415,9.853507071966305e-05
986,1,1,0.0003987738455180079,0.9996013045310974
987,1,1,0.00038927679997868836,0.9996107220649719
988,0,0,0.9997836947441101,0.00021634965378325433
989,0,0,0.9998911619186401,0.00010881895286729559
990,0,0,0.9998327493667603,0.000167210673680529
991,0,0,0.9998522996902466,0.00014767784159630537
992,0,0,0.9998648166656494,0.00013518676860257983
993,1,1,0.00032068113796412945,0.9996793270111084
994,0,0,0.9998692274093628,0.00013079436030238867
995,1,0,0.5434733629226685,0.45652663707733154
996,1,1,0.031535804271698,0.9684641361236572
997,0,0,0.9999102354049683,8.979631820693612e-05
998,0,0,0.9998921155929565,0.00010789903171826154
999,0,0,0.9998899698257446,0.00010996334458468482
1000,0,0,0.9998456239700317,0.0001543448306620121
1001,0,0,0.999715268611908,0.0002847491414286196
1002,1,1,0.0003174924640916288,0.9996825456619263
1003,1,1,0.0005937751848250628,0.9994062185287476
1004,0,0,0.9998536109924316,0.00014634084072895348
1005,1,1,0.0026177081745117903,0.9973822236061096
1006,1,1,0.017071910202503204,0.9829280972480774
1007,0,0,0.9998652935028076,0.00013469780969899148
1008,0,0,0.9998975992202759,0.00010237108654109761
1009,0,0,0.999893307685852,0.00010666630987543613
1010,0,0,0.9998759031295776,0.0001241345307789743
1011,0,0,0.9998577833175659,0.0001422288187313825
1012,0,0,0.9998695850372314,0.00013039250916335732
1013,0,0,0.9998594522476196,0.00014058651868253946
1014,1,1,0.00029843009542673826,0.9997015595436096
1015,0,0,0.9999030828475952,9.685395343694836e-05
1016,0,0,0.9995673298835754,0.0004326605412643403
1017,1,1,0.0004610155301634222,0.9995390176773071
1018,0,0,0.9991959929466248,0.0008039656095206738
1019,0,0,0.9998414516448975,0.00015853640798013657
1020,0,0,0.9994210004806519,0.0005789952119812369
1021,0,0,0.9998674392700195,0.00013251851487439126
1022,1,1,0.0003516437136568129,0.9996483325958252
1023,0,0,0.9998356103897095,0.00016432278789579868
1024,0,0,0.9991835951805115,0.0008163817110471427
1025,0,0,0.99983811378479,0.00016186604625545442
1026,0,0,0.9950792789459229,0.004920712672173977
1027,0,0,0.9997405409812927,0.0002593935641925782
1028,0,0,0.9998584985733032,0.00014145112072583288
1029,0,0,0.9989380240440369,0.0010619992390275002
1030,0,0,0.999904990196228,9.497963765170425e-05
1031,0,0,0.9996554851531982,0.0003444779431447387
1032,0,0,0.9982970356941223,0.0017029502196237445
1033,0,0,0.9999029636383057,9.707893332233652e-05
1034,1,1,0.00028893904527649283,0.9997110962867737
1035,1,1,0.0002691315021365881,0.9997308850288391
1036,0,0,0.9999101161956787,8.98753060027957e-05
1037,0,0,0.9998540878295898,0.00014592365187127143
1038,0,0,0.9998908042907715,0.00010914661834249273
1039,1,1,0.00029077674844302237,0.9997091889381409
1040,0,0,0.9994292855262756,0.0005706321098841727
1041,0,0,0.9998112320899963,0.0001888210535980761
1042,1,1,0.0003943486954085529,0.9996057152748108
1043,0,0,0.9997352957725525,0.0002647500077728182
1044,0,0,0.9998495578765869,0.00015042735321912915
1045,1,1,0.0002716091985348612,0.9997283816337585
1046,0,0,0.9997566342353821,0.00024332632892765105
1047,0,0,0.9998794794082642,0.00012048293137922883
1048,0,0,0.9998303651809692,0.0001696542021818459
1049,0,0,0.9998842477798462,0.00011569869093364105
1050,0,0,0.9994854927062988,0.0005145331961102784
1051,0,0,0.9999003410339355,9.968096856027842e-05
1052,0,0,0.9998956918716431,0.00010424551874166355
1053,0,0,0.999876856803894,0.0001231615897268057
1054,1,1,0.0005358129856176674,0.999464213848114
1055,0,0,0.9998807907104492,0.0001191430346807465
1056,0,0,0.9999020099639893,9.801973646972328e-05
1057,0,0,0.9999107122421265,8.923616405809298e-05
1058,0,0,0.9999032020568848,9.683595271781087e-05
1059,1,1,0.0005612791865132749,0.9994387030601501
1060,0,0,0.9998688697814941,0.00013109103019814938
1061,0,0,0.9995371103286743,0.0004629017785191536
1062,1,1,0.009563950821757317,0.9904360175132751
1063,0,0,0.9998546838760376,0.00014524174912367016
1064,1,1,0.18506208062171936,0.814937949180603
1065,0,0,0.9998999834060669,9.999475150834769e-05
1066,0,0,0.9998630285263062,0.00013695705274585634
1067,1,1,0.0003669064899440855,0.9996330738067627
1068,0,0,0.8917703628540039,0.1082296296954155
1069,1,1,0.0006295677158050239,0.9993703961372375
1070,0,0,0.9999053478240967,9.460774890612811e-05
1071,0,0,0.9998836517333984,0.00011636166891548783
1072,0,0,0.9998964071273804,0.00010358222789363936
1073,0,0,0.9997668862342834,0.00023316810256801546
1074,0,0,0.9998130202293396,0.00018703847308643162
1075,1,1,0.0002799522189889103,0.99972003698349
1076,0,0,0.9999098777770996,9.00788145372644e-05
1077,0,0,0.9998217225074768,0.0001783183979569003
1078,1,1,0.0003661421069409698,0.9996337890625
1079,0,0,0.9998911619186401,0.00010883462527999654
1080,1,1,0.00033496509422548115,0.9996650218963623
1081,0,0,0.9998323917388916,0.00016753430827520788
1082,0,0,0.9997839331626892,0.0002160420990549028
1083,0,0,0.9998972415924072,0.00010274095257045701
1084,0,0,0.9997829794883728,0.0002170558727812022
1085,0,0,0.9998887777328491,0.0001112121099140495
1086,0,0,0.9998658895492554,0.00013408102677203715
1087,0,0,0.999846339225769,0.00015360998804681003
1088,0,0,0.9998985528945923,0.00010145505802938715
1089,0,0,0.9998811483383179,0.00011883759725606069
1090,0,0,0.9998849630355835,0.00011507704039104283
1091,0,0,0.9998237490653992,0.00017633475363254547
1092,0,0,0.9998114705085754,0.0001886083628050983
1093,0,0,0.9999097585678101,9.026996849570423e-05
1094,0,0,0.999885082244873,0.00011487946176202968
1095,1,1,0.0006410169880837202,0.9993589520454407
1096,0,0,0.9998301267623901,0.00016988810966722667
1097,1,1,0.0004268790071364492,0.9995731711387634
1098,1,1,0.0002918276295531541,0.9997081160545349
1099,1,1,0.00047089511645026505,0.9995291233062744
1100,0,0,0.9998440742492676,0.00015591246483381838
1101,0,0,0.9998942613601685,0.00010576185741228983
1102,0,0,0.9993754029273987,0.0006246495177038014
1103,0,0,0.9981555342674255,0.001844495884142816
1104,0,1,0.4457254707813263,0.5542744994163513
1105,0,0,0.9995642304420471,0.0004357381258159876
1106,0,0,0.9999061822891235,9.377468813909218e-05
1107,0,0,0.9998842477798462,0.00011573643860174343
1108,0,0,0.9999092817306519,9.073229011846706e-05
1109,1,1,0.0006822076393291354,0.9993177652359009
1110,0,0,0.9999110698699951,8.889423770597205e-05
1111,1,1,0.0005422700196504593,0.9994577765464783
1112,1,1,0.0011451157042756677,0.9988548755645752
1113,0,0,0.9998917579650879,0.00010826614743564278
1114,0,0,0.9998127818107605,0.00018723511311691254
1115,0,0,0.9946868419647217,0.005313172470778227
1116,0,0,0.9998887777328491,0.00011120150884380564
1117,1,1,0.0003489204391371459,0.9996510744094849
1118,0,0,0.9998347759246826,0.00016523615340702236
1119,0,0,0.9998251795768738,0.00017480399401392788
1120,0,0,0.9998935461044312,0.00010639131505740806
1121,0,0,0.9993008375167847,0.0006991975824348629
1122,0,0,0.9998650550842285,0.00013496367319021374
1123,1,1,0.011627063155174255,0.9883729815483093
1124,0,0,0.9998316764831543,0.00016825342027004808
1125,1,1,0.03158983215689659,0.9684101343154907
1126,0,0,0.999897837638855,0.00010211739572696388
1127,0,0,0.9998898506164551,0.00011010121670551598
1128,0,0,0.9282310605049133,0.07176895439624786
1129,0,0,0.9990659356117249,0.0009340392425656319
1130,0,0,0.999466598033905,0.0005334031884558499
1131,0,0,0.9998955726623535,0.00010444314102642238
1132,1,1,0.0003802055143751204,0.999619722366333
1133,0,0,0.9998645782470703,0.00013542674423661083
1134,0,0,0.9998805522918701,0.00011941623961320147
1135,1,1,0.0004300472210161388,0.9995699524879456
1136,0,0,0.9998639822006226,0.00013598367513623089
1137,0,0,0.9998997449874878,0.00010025024675996974
1138,0,0,0.9998685121536255,0.00013149967708159238
1139,0,0,0.9998958110809326,0.00010420459148008376
1140,0,0,0.9996830224990845,0.00031702936394140124
1141,0,0,0.9987395405769348,0.0012604533694684505
1142,1,1,0.001066055498085916,0.9989339709281921
1143,0,0,0.9995933175086975,0.00040668650763109326
1144,0,0,0.9992978572845459,0.000702112854924053
1145,0,0,0.9997900128364563,0.00021005487360525876
1146,0,0,0.9998966455459595,0.00010332356032449752
1147,1,1,0.0002849693992175162,0.9997150301933289
1148,0,0,0.9998918771743774,0.00010810840467456728
1149,0,0,0.9999071359634399,9.282963583245873e-05
1150,0,0,0.9998726844787598,0.00012727268040180206
1151,0,0,0.999883770942688,0.00011616121628321707
1152,1,1,0.0002955254167318344,0.9997044205665588
1153,1,1,0.00036303349770605564,0.9996370077133179
1154,0,0,0.9996953010559082,0.0003047509817406535
1155,0,0,0.999883770942688,0.00011620188888628036
1156,0,0,0.9998874664306641,0.00011247804650338367
1157,0,0,0.9998781681060791,0.00012186462845420465
1158,0,0,0.9999005794525146,9.940739982994273e-05
1159,1,1,0.0017183537129312754,0.998281717300415
1160,0,0,0.9996428489685059,0.0003571261768229306
1161,0,0,0.999881386756897,0.00011863085819641128
1162,1,1,0.1354631930589676,0.8645367622375488
1163,0,0,0.9998633861541748,0.00013657363888341933
1164,1,1,0.08048069477081299,0.919519305229187
1165,0,0,0.9999041557312012,9.58605160121806e-05
1166,0,0,0.9998286962509155,0.000171289560967125
1167,0,0,0.990958571434021,0.009041398763656616
1168,0,0,0.9999064207077026,9.351214248454198e-05
1169,0,0,0.9998238682746887,0.0001761986204655841
1170,0,0,0.9996720552444458,0.0003280127712059766
1171,0,0,0.9996976852416992,0.00030230748234316707
1172,1,1,0.000539856671821326,0.9994601607322693
1173,0,0,0.9994696974754333,0.0005302736535668373
1174,1,1,0.0003385838062968105,0.9996614456176758
1175,1,1,0.00031234530615620315,0.999687671661377
1176,0,0,0.9997822642326355,0.00021779887902084738
1177,0,0,0.9998513460159302,0.0001486625988036394
1178,0,0,0.9999101161956787,8.985901513369754e-05
1179,0,0,0.9998899698257446,0.00010998002107953653
1180,0,0,0.999911904335022,8.810853614704683e-05
1181,1,1,0.013293675146996975,0.9867063164710999
1182,0,0,0.9997813105583191,0.00021870429918635637
1183,1,1,0.0002800223883241415,0.9997199177742004
1184,1,1,0.000897058576811105,0.9991029500961304
1185,0,0,0.9680055379867554,0.0319945402443409
1186,0,0,0.9996084570884705,0.00039155062404461205
1187,1,1,0.000294697965728119,0.9997052550315857
1188,1,1,0.0018298982176929712,0.9981701374053955
1189,0,0,0.9995920062065125,0.0004079828504472971
1190,0,0,0.999566376209259,0.00043359262053854764
1191,0,0,0.9998326301574707,0.00016729948401916772
1192,1,1,0.0004906464018858969,0.999509334564209
1193,0,0,0.9995880722999573,0.0004119429213460535
1194,0,0,0.9998193383216858,0.0001807037042453885
1195,1,1,0.0002988885098602623,0.9997010827064514
1196,0,0,0.999897837638855,0.00010215207294095308
1197,0,0,0.9998894929885864,0.00011051080218749121
1198,0,0,0.9999096393585205,9.039668657351285e-05
1199,1,1,0.00040045491186901927,0.9995995163917542
1200,0,0,0.9997561573982239,0.00024381864932365716
1201,0,0,0.999736487865448,0.00026355122099630535
1202,0,0,0.9998955726623535,0.00010443975770613179
1203,0,0,0.9997147917747498,0.0002851493190973997
1204,0,0,0.9998918771743774,0.00010813552216859534
1205,0,0,0.9997766613960266,0.00022329346393235028
1206,0,0,0.9999111890792847,8.881848771125078e-05
1207,1,1,0.0012829009210690856,0.9987170696258545
1208,0,0,0.9998990297317505,0.0001009297338896431
1209,1,1,0.0002840571687556803,0.9997158646583557
1210,0,0,0.9997953772544861,0.00020467097056098282
1211,0,0,0.9998569488525391,0.00014301433111540973
1212,0,0,0.9998039603233337,0.00019611533207353204
1213,0,0,0.9998871088027954,0.0001128947624238208
1214,1,1,0.00028603343525901437,0.9997139573097229
1215,0,0,0.9991100430488586,0.0008899163221940398
1216,0,0,0.9998713731765747,0.0001285889302380383
1217,0,0,0.9998763799667358,0.00012360679102130234
1218,0,0,0.9998441934585571,0.0001557897194288671
1219,0,0,0.999908447265625,9.155255975201726e-05
1220,0,0,0.9998619556427002,0.00013802094326820225
1221,0,0,0.9998131394386292,0.00018684523820411414
1222,0,0,0.9998672008514404,0.00013281885185278952
1223,0,0,0.9998621940612793,0.00013779883738607168
1224,0,0,0.9989475607872009,0.0010524045210331678
1225,0,0,0.9998478889465332,0.00015206303214654326
1226,0,0,0.9993751645088196,0.0006248918361961842
1227,0,0,0.9999016523361206,9.838401456363499e-05
1228,0,0,0.9998421669006348,0.0001577861257828772
1229,1,1,0.00040197817725129426,0.9995980858802795
1230,0,0,0.9998924732208252,0.00010755079711088911
1231,0,0,0.9994352459907532,0.0005646859644912183
1232,0,0,0.9993019104003906,0.0006980361067689955
1233,0,0,0.9999074935913086,9.255306940758601e-05
1234,0,0,0.9986996650695801,0.0013003485510125756
1235,0,0,0.9998892545700073,0.0001107566204154864
1236,0,0,0.9998825788497925,0.0001173746568383649
1237,0,0,0.9997645020484924,0.00023552535276394337
1238,1,1,0.0026585462037473917,0.9973414540290833
1239,1,1,0.00029081638786010444,0.9997091889381409
1240,1,1,0.00035707870847545564,0.9996429681777954
1241,0,0,0.9998992681503296,0.00010076703620143235
1242,0,0,0.9967681169509888,0.0032319396268576384
1243,1,1,0.0004369976813904941,0.9995630383491516
1244,0,0,0.9998997449874878,0.0001002414501272142
1245,0,0,0.999734103679657,0.0002659243473317474
1246,1,1,0.0003300013777334243,0.9996700286865234
1247,0,0,0.9998973608016968,0.00010257217945763841
1248,0,0,0.9998979568481445,0.00010197882511420175
1249,0,0,0.9998062252998352,0.0001938505592988804
1250,1,1,0.00031974574085325,0.9996802806854248
1251,1,1,0.0012479121796786785,0.9987521171569824
1252,0,0,0.9988143444061279,0.0011856304481625557
1253,0,0,0.9999032020568848,9.679717186372727e-05
1254,0,0,0.9998123049736023,0.00018768195877783
1255,1,1,0.00043636164627969265,0.9995636343955994
1256,0,0,0.9998642206192017,0.0001357450382784009
1257,0,0,0.9998906850814819,0.0001092807506211102
1258,1,1,0.00029904788243584335,0.9997010231018066
1259,0,0,0.9999113082885742,8.869838347891346e-05
1260,0,0,0.9997064471244812,0.0002935113152489066
1261,0,0,0.9998983144760132,0.00010165668209083378
1262,0,0,0.9998819828033447,0.00011794393503805622
1263,0,0,0.9998179078102112,0.00018215755699202418
1264,0,0,0.9763046503067017,0.023695271462202072
1265,0,0,0.9997997879981995,0.0002002586843445897
1266,0,0,0.9998546838760376,0.000145301892189309
1267,1,1,0.0004160042735747993,0.9995840191841125
1268,0,0,0.9998458623886108,0.0001541646633995697
1269,0,0,0.9983208775520325,0.0016790557419881225
1270,0,0,0.9998733997344971,0.0001265461032744497
1271,1,1,0.00028582432423718274,0.999714195728302
1272,0,0,0.9999094009399414,9.064719051821157e-05
1273,0,0,0.9998456239700317,0.0001544072583783418
1274,0,0,0.9999150037765503,8.501038973918185e-05
1275,0,0,0.9998869895935059,0.00011302887287456542
1276,1,1,0.0003768258902709931,0.99962317943573
1277,0,0,0.9998472929000854,0.0001526380074210465
1278,0,0,0.9991763234138489,0.0008236894500441849
1279,0,0,0.9999114274978638,8.858081127982587e-05
1280,1,1,0.00033788359723985195,0.9996621608734131
1281,1,1,0.0005073194624856114,0.9994926452636719
1282,0,0,0.9998270869255066,0.00017297797603532672
1283,0,0,0.999292254447937,0.0007076668553054333
1284,0,0,0.9994524121284485,0.0005476220394484699
1285,0,0,0.9998024106025696,0.00019765582692343742
1286,0,0,0.9997406601905823,0.00025927438400685787
1287,0,0,0.999836802482605,0.0001631873456062749
1288,0,0,0.9998903274536133,0.00010964525426970795
1289,0,0,0.999909520149231,9.050277003552765e-05
1290,0,0,0.9997790455818176,0.00022099140915088356
1291,0,0,0.9998657703399658,0.00013421087351161987
1292,0,0,0.9989738464355469,0.0010262072319164872
1293,0,0,0.9998812675476074,0.00011876135977217928
1294,0,0,0.9999028444290161,9.715542546473444e-05
1295,0,0,0.9999097585678101,9.017653064802289e-05
1296,0,0,0.9998867511749268,0.00011328255641274154
1297,0,0,0.9998891353607178,0.00011085022561019287
1298,0,0,0.9990897178649902,0.0009102976182475686
1299,0,0,0.9998854398727417,0.00011455697676865384
1300,1,1,0.000312088115606457,0.999687910079956
1301,0,0,0.9998378753662109,0.000162080570589751
1302,0,0,0.9993640780448914,0.0006359702674672008
1303,0,0,0.9997709393501282,0.0002291168930241838
1304,0,0,0.9998915195465088,0.00010852662671823055
1305,1,1,0.00031861194293014705,0.9996813535690308
1306,0,0,0.9998276233673096,0.0001723132299957797
1307,0,0,0.9999104738235474,8.953825454227626e-05
1308,0,0,0.9998409748077393,0.00015900253492873162
1309,0,0,0.9997794032096863,0.00022059182811062783
1310,1,1,0.0004859254986513406,0.999514102935791
1311,0,0,0.9999047517776489,9.520206367596984e-05
1312,0,0,0.9994327425956726,0.0005671753897331655
1313,0,0,0.9998815059661865,0.00011842796811833978
1314,0,0,0.9998767375946045,0.00012330635217949748
1315,0,0,0.9997164607048035,0.0002835760824382305
1316,0,0,0.9998482465744019,0.00015173395513556898
1317,0,0,0.9994109869003296,0.0005889659514650702
1318,0,0,0.9998784065246582,0.00012156146840425208
1319,0,0,0.9972471594810486,0.0027527667116373777
1320,0,0,0.9996575117111206,0.0003424577880650759
1321,0,0,0.9998359680175781,0.0001640533737372607
1322,1,1,0.0003333852218929678,0.9996665716171265
1323,0,0,0.9996885061264038,0.0003114657010883093
1324,0,0,0.9999016523361206,9.829510236158967e-05
1325,1,1,0.00047599992831237614,0.9995239973068237
1326,0,0,0.9997795224189758,0.0002205245546065271
1327,0,0,0.999626874923706,0.00037313997745513916
1328,0,0,0.999882698059082,0.00011726927186828107
1329,1,1,0.0026669774670153856,0.9973330497741699
1330,0,0,0.9998530149459839,0.000146958336699754
1331,0,0,0.9999098777770996,9.011490328703076e-05
1332,0,0,0.9999096393585205,9.039496217155829e-05
1333,0,0,0.9715937376022339,0.028406303375959396
1334,0,0,0.9982767105102539,0.0017232544487342238
1335,0,0,0.999576985836029,0.0004229618061799556
1336,0,0,0.9998904466629028,0.00010955506149912253
1337,1,1,0.00040066553629003465,0.9995993971824646
1338,0,0,0.9998359680175781,0.00016406338545493782
1339,0,0,0.9998922348022461,0.00010772959649330005
1340,0,0,0.9998559951782227,0.00014397127961274236
1341,1,1,0.0005590204964391887,0.9994409680366516
1342,0,0,0.9997896552085876,0.00021032540826126933
1343,0,0,0.9999014139175415,9.861225407803431e-05
1344,0,0,0.9996579885482788,0.0003420337743591517
1345,0,0,0.9998588562011719,0.0001411603734595701
1346,0,0,0.9999023675918579,9.759741078596562e-05
1347,1,1,0.0002786875411402434,0.999721348285675
1348,0,0,0.9997879862785339,0.00021205270604696125
1349,0,0,0.9998433589935303,0.00015665368118789047
1350,0,0,0.9988337159156799,0.0011663263430818915
1351,0,0,0.9998468160629272,0.00015313820040319115
1352,1,1,0.00044737764983437955,0.9995525479316711
1353,0,0,0.9998615980148315,0.0001384018105454743
1354,0,0,0.9997825026512146,0.00021750334417447448
1355,0,0,0.9998223185539246,0.00017775921151041985
1356,0,0,0.9999110698699951,8.889439777703956e-05
1357,0,0,0.9998705387115479,0.00012946418428327888
1358,0,0,0.9998359680175781,0.00016397704894188792
1359,0,0,0.9996161460876465,0.000383783713914454
1360,0,0,0.9997201561927795,0.000279863626929
1361,1,1,0.00035273891990073025,0.9996472597122192
1362,0,0,0.9997931122779846,0.00020691017562057823
1363,0,0,0.9997610449790955,0.00023894073092378676
1364,0,0,0.9997088313102722,0.0002911007031798363
1365,0,0,0.9998756647109985,0.0001243070000782609
