feature,feature_family,physical_meaning,rul_score,health_score,early_fault_score,fault_type_score,overall_score,recommended_for,why,caveat,is_label_source,label_source_warning,example_plot
h__time__std,time_domain,Signal dispersion and vibration intensity.,0.5260136970329972,0.982651386643971,0.9245479802240972,0.0,0.6083032659752663,"RUL,HealthState,EarlyFault",high RUL score from correlation/trend metrics; separates health-state label distributions; changes between healthy and post-FPT samples,Confirm with train-only ranking and visual plots before overclaiming.,False,,figures/curves/h__time__std.png
tsfresh__h__standard_deviation,tsfresh,Numerical feature extracted from the vibration snapshot.,0.5260136970329972,0.982651386643971,0.9245479802240972,0.0,0.6083032659752663,"RUL,HealthState,EarlyFault",high RUL score from correlation/trend metrics; separates health-state label distributions; changes between healthy and post-FPT samples,Requires train-only scaling and cross-bearing validation before interpretation.,False,,figures/curves/tsfresh__h__standard_deviation.png
h__time__rms,time_domain,RMS vibration energy/amplitude level.,0.5265145925153222,0.9777591808396955,0.9232705972600368,0.0,0.6068860926537636,"RUL,HealthState,EarlyFault",high RUL score from correlation/trend metrics; separates health-state label distributions; changes between healthy and post-FPT samples,Confirm with train-only ranking and visual plots before overclaiming.,False,,figures/curves/h__time__rms.png
tsfresh__h__root_mean_square,tsfresh,Numerical feature extracted from the vibration snapshot.,0.5265145925153222,0.9777591808396955,0.9232705972600368,0.0,0.6068860926537636,"RUL,HealthState,EarlyFault",high RUL score from correlation/trend metrics; separates health-state label distributions; changes between healthy and post-FPT samples,Requires train-only scaling and cross-bearing validation before interpretation.,False,,figures/curves/tsfresh__h__root_mean_square.png
mag__time__mean,time_domain,Numerical feature extracted from the vibration snapshot.,0.5372811134968272,0.8672682371915791,1.0,0.0,0.6011373376721015,"RUL,HealthState,EarlyFault",high RUL score from correlation/trend metrics; separates health-state label distributions; changes between healthy and post-FPT samples,Confirm with train-only ranking and visual plots before overclaiming.,False,,figures/curves/mag__time__mean.png
mag__time__rms,time_domain,RMS vibration energy/amplitude level.,0.5087477550030763,0.7593427374191145,0.9015607627771809,0.0,0.542412813799843,"RUL,HealthState,EarlyFault",high RUL score from correlation/trend metrics; separates health-state label distributions; changes between healthy and post-FPT samples,Confirm with train-only ranking and visual plots before overclaiming. Used as HI source for FPT-based labels; do not overclaim independent detection ability.,True,Used as HI source for FPT-based labels; do not overclaim independent detection ability.,figures/curves/mag__time__rms.png
mag__time__std,time_domain,Signal dispersion and vibration intensity.,0.4699319131732441,0.6284543027959244,0.7431133529503112,0.0,0.46037489222986994,"RUL,HealthState",high RUL score from correlation/trend metrics; separates health-state label distributions,Confirm with train-only ranking and visual plots before overclaiming.,False,,figures/curves/mag__time__std.png
tsfresh__h__variance,tsfresh,Signal dispersion and vibration intensity.,0.5259209121546633,0.5343436940893888,0.6771077525031781,0.0,0.4343430896868075,RUL,high RUL score from correlation/trend metrics,Requires train-only scaling and cross-bearing validation before interpretation.,False,,figures/curves/tsfresh__h__variance.png
tsfresh__h__maximum,tsfresh,Numerical feature extracted from the vibration snapshot.,0.46785259737878476,0.6324269146669532,0.6310560975694042,0.0,0.43283390240378555,HealthState,separates health-state label distributions,Requires train-only scaling and cross-bearing validation before interpretation.,False,,figures/curves/tsfresh__h__maximum.png
tsfresh__v__standard_deviation,tsfresh,Numerical feature extracted from the vibration snapshot.,0.4681414515813437,0.4410631950723308,0.7845299683543607,0.0,0.4234336537520088,EarlyFault,changes between healthy and post-FPT samples,Requires train-only scaling and cross-bearing validation before interpretation.,False,,figures/curves/tsfresh__v__standard_deviation.png
v__time__std,time_domain,Signal dispersion and vibration intensity.,0.4681414515813437,0.4410631950723308,0.7845299683543607,0.0,0.4234336537520088,EarlyFault,changes between healthy and post-FPT samples,Confirm with train-only ranking and visual plots before overclaiming.,False,,figures/curves/v__time__std.png
tsfresh__v__root_mean_square,tsfresh,Numerical feature extracted from the vibration snapshot.,0.4679931543954175,0.43986288845024235,0.7845258072798664,0.0,0.4230954625313816,EarlyFault,changes between healthy and post-FPT samples,Requires train-only scaling and cross-bearing validation before interpretation.,False,,figures/curves/tsfresh__v__root_mean_square.png
v__time__rms,time_domain,RMS vibration energy/amplitude level.,0.4679931543954175,0.43986288845024235,0.7845258072798664,0.0,0.4230954625313816,EarlyFault,changes between healthy and post-FPT samples,Confirm with train-only ranking and visual plots before overclaiming.,False,,figures/curves/v__time__rms.png
v__spectral__rms_frequency,spectral,RMS vibration energy/amplitude level.,0.34302913941753826,0.46660038914461366,0.7370596124563399,0.0,0.38667228525462294,,"highest relative score is for EarlyFault, but it is outside the top recommendation band",Can be affected by operating-condition changes.,False,,figures/curves/v__spectral__rms_frequency.png
tsfresh__h__absolute_maximum,tsfresh,Numerical feature extracted from the vibration snapshot.,0.436152182462912,0.617138487098882,0.4925454735313438,0.0,0.38645903577328444,,"highest relative score is for HealthState, but it is outside the top recommendation band",Requires train-only scaling and cross-bearing validation before interpretation.,False,,figures/curves/tsfresh__h__absolute_maximum.png
mag__spectral__entropy,spectral,Spectral complexity or broadband excitation.,0.35422184860043193,0.6741371458422025,0.5041006967553759,0.0,0.38311492279950254,HealthState,separates health-state label distributions,"Useful for spectral complexity, but physical interpretation is weaker than energy or bearing-frequency features.",False,,figures/curves/mag__spectral__entropy.png
mag__spectral__centroid,spectral,Spectral energy center shift.,0.36808879513237464,0.5457719164297639,0.5843626763834758,0.0,0.37455584698640354,,"highest relative score is for EarlyFault, but it is outside the top recommendation band",Can be affected by operating-condition changes.,False,,figures/curves/mag__spectral__centroid.png
mag__spectral__rms_frequency,spectral,RMS vibration energy/amplitude level.,0.356742834397265,0.5085956215643,0.6250034862487283,0.0,0.3725854855525733,,"highest relative score is for EarlyFault, but it is outside the top recommendation band",Can be affected by operating-condition changes.,False,,figures/curves/mag__spectral__rms_frequency.png
tsfresh__v__variance,tsfresh,Signal dispersion and vibration intensity.,0.4873462902808056,0.3650291606708984,0.634219946473247,0.0,0.37164884935623776,RUL,high RUL score from correlation/trend metrics,Requires train-only scaling and cross-bearing validation before interpretation.,False,,figures/curves/tsfresh__v__variance.png
tsfresh__h__minimum,tsfresh,Numerical feature extracted from the vibration snapshot.,0.426392356342143,0.583619552263154,0.4520404493910396,0.0,0.3655130894990841,,"highest relative score is for HealthState, but it is outside the top recommendation band",Requires train-only scaling and cross-bearing validation before interpretation.,False,,figures/curves/tsfresh__h__minimum.png
v__spectral__centroid,spectral,Spectral energy center shift.,0.32408444831537775,0.4251715632391541,0.6823931548638072,0.0,0.3579122916045848,,"highest relative score is for EarlyFault, but it is outside the top recommendation band",Can be affected by operating-condition changes.,False,,figures/curves/v__spectral__centroid.png
v__spectral__entropy,spectral,Spectral complexity or broadband excitation.,0.2828044638392101,0.3391696098376927,0.7000139197559254,0.0,0.33049699835820706,,"highest relative score is for EarlyFault, but it is outside the top recommendation band","Useful for spectral complexity, but physical interpretation is weaker than energy or bearing-frequency features.",False,,figures/curves/v__spectral__entropy.png
h__spectral__entropy,spectral,Spectral complexity or broadband excitation.,0.3262405769443351,0.4829765376437044,0.33405453403092994,0.0,0.2858179121547424,,"highest relative score is for HealthState, but it is outside the top recommendation band","Useful for spectral complexity, but physical interpretation is weaker than energy or bearing-frequency features.",False,,figures/curves/h__spectral__entropy.png
h__spectral__centroid,spectral,Spectral energy center shift.,0.30605992021919487,0.3408914262000273,0.17541544524824962,0.0,0.20559169791686796,,"highest relative score is for HealthState, but it is outside the top recommendation band",Can be affected by operating-condition changes.,False,,figures/curves/h__spectral__centroid.png
h__spectral__rms_frequency,spectral,RMS vibration energy/amplitude level.,0.25299836517844115,0.2690483474800552,0.2926894094111425,0.0,0.20368403051740971,,"highest relative score is for EarlyFault, but it is outside the top recommendation band",Can be affected by operating-condition changes.,False,,figures/curves/h__spectral__rms_frequency.png
tsfresh__v__minimum,tsfresh,Numerical feature extracted from the vibration snapshot.,0.3509001834494737,0.15458389271400985,0.28398168291334225,0.0,0.19736643976920645,,"highest relative score is for RUL, but it is outside the top recommendation band",Requires train-only scaling and cross-bearing validation before interpretation.,False,,figures/curves/tsfresh__v__minimum.png
tsfresh__v__absolute_maximum,tsfresh,Numerical feature extracted from the vibration snapshot.,0.3468924093540177,0.16107375520585954,0.2693088650271408,0.0,0.1943187573967545,,"highest relative score is for RUL, but it is outside the top recommendation band",Requires train-only scaling and cross-bearing validation before interpretation.,False,,figures/curves/tsfresh__v__absolute_maximum.png
tsfresh__v__maximum,tsfresh,Numerical feature extracted from the vibration snapshot.,0.3449381721650385,0.14976496120989397,0.2776330185518894,0.0,0.19308403798170548,,"highest relative score is for RUL, but it is outside the top recommendation band",Requires train-only scaling and cross-bearing validation before interpretation.,False,,figures/curves/tsfresh__v__maximum.png
h__time__crest_factor,time_domain,Peak shock relative to RMS level.,0.16845072605068698,0.18833909232609558,0.4076576753717397,0.0,0.19111187343713057,,"highest relative score is for EarlyFault, but it is outside the top recommendation band",Sensitive to spikes/noise; verify curve stability before using as a RUL main feature.,False,,figures/curves/h__time__crest_factor.png
mag__time__kurtosis,time_domain,Impulsive shock sensitivity and tail heaviness.,0.1762618997616225,0.17080043076699875,0.3318927175048253,0.0,0.16973876200836163,,"highest relative score is for EarlyFault, but it is outside the top recommendation band",Sensitive to spikes/noise; verify curve stability before using as a RUL main feature.,False,,figures/curves/mag__time__kurtosis.png
mag__time__crest_factor,time_domain,Peak shock relative to RMS level.,0.1724137390889419,0.15489342519424482,0.3486796409066522,0.0,0.16899670129745975,,"highest relative score is for EarlyFault, but it is outside the top recommendation band",Sensitive to spikes/noise; verify curve stability before using as a RUL main feature.,False,,figures/curves/mag__time__crest_factor.png
h__time__kurtosis,time_domain,Impulsive shock sensitivity and tail heaviness.,0.20038749629961278,0.17308415069390154,0.2771638450400213,0.0,0.1626588730083839,,"highest relative score is for EarlyFault, but it is outside the top recommendation band",Sensitive to spikes/noise; verify curve stability before using as a RUL main feature.,False,,figures/curves/h__time__kurtosis.png
v__time__crest_factor,time_domain,Peak shock relative to RMS level.,0.1497329700073056,0.10617638303965111,0.38067282601224106,0.0,0.15914554476479945,,"highest relative score is for EarlyFault, but it is outside the top recommendation band",Sensitive to spikes/noise; verify curve stability before using as a RUL main feature.,False,,figures/curves/v__time__crest_factor.png
tsfresh__h__median,tsfresh,Numerical feature extracted from the vibration snapshot.,0.20767756545720384,0.10708182874928042,0.22456147327593617,0.0,0.1348302168706051,,"highest relative score is for EarlyFault, but it is outside the top recommendation band",Requires train-only scaling and cross-bearing validation before interpretation.,False,,figures/curves/tsfresh__h__median.png
v__time__kurtosis,time_domain,Impulsive shock sensitivity and tail heaviness.,0.1708673404729683,0.10360674998133597,0.2512296734682141,0.0,0.1314259409806296,,"highest relative score is for EarlyFault, but it is outside the top recommendation band",Sensitive to spikes/noise; verify curve stability before using as a RUL main feature.,False,,figures/curves/v__time__kurtosis.png
tsfresh__h__length,tsfresh,Numerical feature extracted from the vibration snapshot.,0.2,0.0019861750863030755,0.0,0.0,0.05049654377157577,,"highest relative score is for RUL, but it is outside the top recommendation band",Requires train-only scaling and cross-bearing validation before interpretation.,False,,figures/curves/tsfresh__h__length.png
tsfresh__v__length,tsfresh,Numerical feature extracted from the vibration snapshot.,0.2,0.0019861750863030755,0.0,0.0,0.05049654377157577,,"highest relative score is for RUL, but it is outside the top recommendation band",Requires train-only scaling and cross-bearing validation before interpretation.,False,,figures/curves/tsfresh__v__length.png
tsfresh__h__sum_values,tsfresh,Numerical feature extracted from the vibration snapshot.,0.13947472325448781,0.019652772417353206,0.02702581261487789,0.0,0.04653832707167973,,"highest relative score is for RUL, but it is outside the top recommendation band",Requires train-only scaling and cross-bearing validation before interpretation.,False,,figures/curves/tsfresh__h__sum_values.png
h__time__mean,time_domain,Numerical feature extracted from the vibration snapshot.,0.13947470774697301,0.01965277241735313,0.027025694809169463,0.0,0.046538293743373906,,"highest relative score is for RUL, but it is outside the top recommendation band",Confirm with train-only ranking and visual plots before overclaiming.,False,,figures/curves/h__time__mean.png
tsfresh__h__mean,tsfresh,Numerical feature extracted from the vibration snapshot.,0.13947470774697301,0.01965277241735313,0.027025694809169463,0.0,0.046538293743373906,,"highest relative score is for RUL, but it is outside the top recommendation band",Requires train-only scaling and cross-bearing validation before interpretation.,False,,figures/curves/tsfresh__h__mean.png
tsfresh__v__median,tsfresh,Numerical feature extracted from the vibration snapshot.,0.15755307719295036,0.0003086505619274627,0.01963798667882763,0.0,0.044374928608426366,,"highest relative score is for RUL, but it is outside the top recommendation band",Requires train-only scaling and cross-bearing validation before interpretation.,False,,figures/curves/tsfresh__v__median.png
tsfresh__v__sum_values,tsfresh,Numerical feature extracted from the vibration snapshot.,0.14586418330098497,0.011555539098314957,0.0070541144093920075,0.0,0.04111845920217298,,"highest relative score is for RUL, but it is outside the top recommendation band",Requires train-only scaling and cross-bearing validation before interpretation.,False,,figures/curves/tsfresh__v__sum_values.png
tsfresh__v__mean,tsfresh,Numerical feature extracted from the vibration snapshot.,0.14586417218054157,0.011555539098314941,0.007053996603683566,0.0,0.041118426970635016,,"highest relative score is for RUL, but it is outside the top recommendation band",Requires train-only scaling and cross-bearing validation before interpretation.,False,,figures/curves/tsfresh__v__mean.png
v__time__mean,time_domain,Numerical feature extracted from the vibration snapshot.,0.14586417218054157,0.011555539098314941,0.007053996603683566,0.0,0.041118426970635016,,"highest relative score is for RUL, but it is outside the top recommendation band",Confirm with train-only ranking and visual plots before overclaiming.,False,,figures/curves/v__time__mean.png
