task,feature,c1_rank,c1_score,c2_rank,c2_score,c3_rank,c3_score,mean_rank,mean_score,top10_count,label_source_count,decision
EarlyFault,mag__time__mean,7,0.728303173600773,6,0.9495525815489778,4,0.9422010486290352,5.666666666666667,0.8733522679262621,3,0,stable_candidate
EarlyFault,mag__time__mean_abs,7,0.728303173600773,6,0.9495525815489778,4,0.9422010486290352,5.666666666666667,0.8733522679262621,3,0,stable_candidate
EarlyFault,mag__time__rms,9,0.7279895517243837,5,0.951328459568156,6,0.9285572837136,6.666666666666667,0.8692917650020465,3,3,stable_candidate
EarlyFault,v__time__std,10,0.727078899065686,8,0.9468822343095652,10,0.8569307703414135,9.333333333333334,0.8436306345722215,3,0,stable_candidate
EarlyFault,mag__time__std,12,0.7259585619668975,4,0.9537933742389808,9,0.8721096789792993,8.333333333333334,0.850620538395059,2,0,stable_candidate
EarlyFault,v__time__mean_abs,13,0.7236292687444712,10,0.9460308043716524,8,0.8760974358283194,10.333333333333334,0.8485858363148143,2,0,stable_candidate
EarlyFault,h__time__mean_abs,15,0.6999966846837731,13,0.9318090933579892,1,1.0,9.666666666666666,0.8772685926805875,1,0,condition_specific
EarlyFault,h__time__std,17,0.6980837537688629,11,0.9356199303240592,2,0.9861177540423782,10.0,0.8732738127117669,1,0,condition_specific
EarlyFault,h__time__rms,16,0.6980899984535062,12,0.9354370920534828,3,0.9860788449416706,10.333333333333334,0.8732019784828866,1,0,condition_specific
EarlyFault,v__time__ptp,14,0.7166317526285033,2,0.996335510360968,15,0.7584181184575407,10.333333333333334,0.8237951271490042,1,0,condition_specific
EarlyFault,v__time__rms,11,0.7268932392903202,9,0.9468691259023416,11,0.8567840664022468,10.333333333333334,0.8435154771983028,1,0,condition_specific
EarlyFault,mag__time__ptp,19,0.6769286227864482,1,0.999895649166535,14,0.7601187675997201,11.333333333333334,0.8123143465175677,1,0,condition_specific
EarlyFault,h__time__ptp,20,0.6747997905259775,3,0.9930238404209536,12,0.8384302367978878,11.666666666666666,0.8354179559149396,1,0,condition_specific
EarlyFault,mag__spectral__entropy,2,0.871893382155962,15,0.8240881519699564,27,0.1501866944072622,14.666666666666666,0.6153894095110602,1,0,condition_specific
EarlyFault,v__spectral__entropy,1,0.9862780310355944,26,0.5072624093503231,21,0.1790706233700752,16.0,0.5575370212519976,1,0,condition_specific
EarlyFault,mag__spectral__centroid,3,0.7985605806381034,23,0.5320466560715472,29,0.1310661011787237,18.333333333333332,0.48722444596279146,1,0,condition_specific
EarlyFault,h__spectral__entropy,4,0.7909464576139973,30,0.3523373799766141,28,0.1430306631369844,20.666666666666668,0.4287715002425319,1,0,condition_specific
EarlyFault,mag__spectral__rms_frequency,5,0.7336941917239164,27,0.5035678721407125,32,0.114707402655755,21.333333333333332,0.45065648884012804,1,0,condition_specific
EarlyFault,h__spectral__bandwidth,23,0.5099278493475137,38,0.1253551515509793,7,0.8832655191682639,22.666666666666668,0.5061828400222522,1,0,condition_specific
EarlyFault,v__spectral__centroid,6,0.7315577562354756,40,0.1089409322414588,44,0.0465618788796328,30.0,0.2956868557855224,1,0,condition_specific
EarlyFault,v__spectral__bandwidth,22,0.5673205495505085,35,0.2163821431876576,19,0.2017773879878757,25.333333333333332,0.3284933602420139,0,0,not_top10
EarlyFault,h__time__skewness,26,0.3494033238029491,25,0.5143019730977559,26,0.1506641279860427,25.666666666666668,0.33812314162891594,0,0,not_top10
EarlyFault,mag__spectral__bandwidth,31,0.1665078583056364,28,0.4151654072247392,18,0.2355301445827448,25.666666666666668,0.27240113670437344,0,0,not_top10
EarlyFault,v__spectral__peak_frequency,36,0.1190966400127092,29,0.3744737400867171,13,0.8239342762833622,26.0,0.4391682187942629,0,0,not_top10
EarlyFault,mag__time__kurtosis,39,0.0949589332552623,20,0.670653120799206,22,0.176557773803263,27.0,0.31405660928591045,0,0,not_top10
EarlyFault,h__spectral__rms_frequency,24,0.4680972049449243,41,0.1062074662585025,17,0.282094660719658,27.333333333333332,0.28546644397436155,0,0,not_top10
EarlyFault,mag__time__skewness,42,0.0353176348740251,18,0.7856192691582944,23,0.172510232471128,27.666666666666668,0.33114904550114915,0,0,not_top10
EarlyFault,v__time__kurtosis,32,0.1606544900660768,32,0.3050721079875206,20,0.1845661404183505,28.0,0.21676424615731596,0,0,not_top10
EarlyFault,h__time__clearance_factor,34,0.1309636845852828,14,0.827274319966924,39,0.0832236667881195,29.0,0.3471538904467754,0,0,not_top10
EarlyFault,h__time__impulse_factor,35,0.1239564171675304,16,0.8108292839475575,38,0.0852800515620824,29.666666666666668,0.3400219175590567,0,0,not_top10
EarlyFault,h__time__kurtosis,38,0.1019465193034368,17,0.8069911618012697,34,0.0933502104282266,29.666666666666668,0.33409596384431106,0,0,not_top10
EarlyFault,v__spectral__rms_frequency,18,0.6819902938151411,36,0.180199299548849,37,0.0872935782862839,30.333333333333332,0.3164943905500913,0,0,not_top10
EarlyFault,h__time__crest_factor,37,0.1151122151022323,19,0.7722381843321414,36,0.0893854750792572,30.666666666666668,0.325578624837877,0,0,not_top10
EarlyFault,h__spectral__centroid,21,0.6015472255436061,42,0.0968859312277737,30,0.1299057973277531,31.0,0.27611298469971096,0,0,not_top10
EarlyFault,h__spectral__peak_frequency,33,0.1334695186187122,45,0.0,16,0.4704005850314701,31.333333333333332,0.20129003455006078,0,0,not_top10
EarlyFault,v__time__clearance_factor,30,0.2110036770062277,31,0.3061858260032394,33,0.0977613492261831,31.333333333333332,0.2049836174118834,0,0,not_top10
EarlyFault,v__time__impulse_factor,29,0.2171207489330262,33,0.3045204023653242,35,0.090601168957966,32.333333333333336,0.2040807734187721,0,0,not_top10
EarlyFault,v__time__skewness,27,0.3403404948037178,39,0.1118199347284859,31,0.1158284757171896,32.333333333333336,0.18932963508313108,0,0,not_top10
EarlyFault,v__time__crest_factor,28,0.225538878688861,34,0.2974331834535868,41,0.0758931651621765,34.333333333333336,0.19962174243487477,0,0,not_top10
EarlyFault,mag__time__clearance_factor,43,0.0343920118571421,21,0.5714533085077873,40,0.0770508693258826,34.666666666666664,0.22763206323027066,0,0,not_top10
EarlyFault,h__time__mean,40,0.0765485988125749,43,0.0258358687970847,24,0.1662566590018465,35.666666666666664,0.08954704220383536,0,0,not_top10
EarlyFault,mag__spectral__peak_frequency,25,0.4080633605858892,37,0.1790516651548786,45,0.0050810777683091,35.666666666666664,0.1973987011696923,0,0,not_top10
EarlyFault,mag__time__crest_factor,41,0.0461460173753055,24,0.5315163399780839,43,0.0573374181422552,36.0,0.21166659183188155,0,0,not_top10
EarlyFault,mag__time__impulse_factor,44,0.0307777925041191,22,0.559175681859406,42,0.07101246059353,36.0,0.22032197831901837,0,0,not_top10
EarlyFault,v__time__mean,45,0.0006676796979323,44,0.0177747516686239,25,0.1581343901078719,38.0,0.05885894049147603,0,0,not_top10
HealthState,h__time__mean_abs,9,0.6176355924246142,2,0.982140145006334,1,1.0,4.0,0.8665919124769826,3,0,stable_candidate
HealthState,mag__time__mean,3,0.7028792664606992,9,0.955976174775056,4,0.8257811248854166,5.333333333333333,0.8282121887070573,3,0,stable_candidate
HealthState,mag__time__mean_abs,3,0.7028792664606992,9,0.955976174775056,4,0.8257811248854166,5.333333333333333,0.8282121887070573,3,0,stable_candidate
HealthState,mag__time__std,8,0.6460268726156434,1,0.9924359098588,9,0.6490509643812553,6.0,0.7625045822852329,3,0,stable_candidate
HealthState,mag__time__rms,7,0.6963411975378241,6,0.9688176001728014,6,0.7841016161569309,6.333333333333333,0.8164201379558521,3,3,stable_candidate
HealthState,h__time__rms,11,0.6036773491918203,3,0.982036905057224,2,0.9624830237661476,5.333333333333333,0.8493990926717306,2,0,stable_candidate
HealthState,h__time__std,12,0.6032881168795842,4,0.9818580464823352,3,0.9619838591157208,6.333333333333333,0.8490433408258801,2,0,stable_candidate
HealthState,v__time__mean_abs,2,0.7079280007975945,13,0.8619428666244231,7,0.6780682266323704,7.333333333333333,0.7493130313514627,2,0,stable_candidate
HealthState,h__time__ptp,14,0.5764586668073165,5,0.9726589877650812,8,0.6573461454311491,9.0,0.7354879333345156,2,0,stable_candidate
HealthState,v__time__std,6,0.6967365974609026,12,0.877735096094283,10,0.6291185229099499,9.333333333333334,0.7345300721550453,2,0,stable_candidate
HealthState,v__time__rms,5,0.6987760698286462,11,0.8788063377930335,11,0.6284186044044702,9.0,0.7353336706753831,1,0,condition_specific
HealthState,mag__time__ptp,15,0.5646731102390341,7,0.9610966869020487,12,0.4895655069836363,11.333333333333334,0.6717784347082397,1,0,condition_specific
HealthState,v__time__ptp,13,0.599549481973568,8,0.9595190898813496,15,0.4154485172270506,12.0,0.6581723630273227,1,0,condition_specific
HealthState,mag__spectral__entropy,10,0.6073411110927515,15,0.3920009032796711,20,0.2197266115236096,15.0,0.4063562086320107,1,0,condition_specific
HealthState,v__spectral__entropy,1,0.8784360753532126,43,0.1670043967766612,24,0.1984567661654788,22.666666666666668,0.41463241276511753,1,0,condition_specific
HealthState,h__spectral__bandwidth,25,0.2355943755587961,14,0.4183555535928039,13,0.4670598815919945,17.333333333333332,0.3736699369145315,0,0,not_top10
HealthState,h__spectral__peak_frequency,21,0.3928067709831207,23,0.3164231099039454,16,0.3521891185448673,20.0,0.3538063331439778,0,0,not_top10
HealthState,h__spectral__rms_frequency,28,0.2030641571943298,16,0.3705655537649109,18,0.2307792730320858,20.666666666666668,0.26813632799710885,0,0,not_top10
HealthState,v__spectral__peak_frequency,22,0.360446500836373,27,0.2950642803849719,14,0.4347291744995991,21.0,0.36341331857364795,0,0,not_top10
HealthState,h__spectral__centroid,24,0.3052504449938616,17,0.3682846019640972,26,0.1889533220901073,22.333333333333332,0.28749612301602206,0,0,not_top10
HealthState,mag__spectral__centroid,16,0.5240970168511283,33,0.2426462014739214,21,0.2159473375184819,23.333333333333332,0.32756351861451055,0,0,not_top10
HealthState,h__spectral__entropy,18,0.4896750147767745,24,0.3090912604636112,32,0.1154055428939828,24.666666666666668,0.30472393937812287,0,0,not_top10
HealthState,v__time__kurtosis,26,0.2129813802475019,31,0.2717134542822723,17,0.304872585738475,24.666666666666668,0.2631891400894164,0,0,not_top10
HealthState,v__spectral__bandwidth,23,0.3371354655659034,32,0.2605890188298616,23,0.203689545506083,26.0,0.26713800996728265,0,0,not_top10
HealthState,mag__spectral__peak_frequency,27,0.2062334564430035,22,0.3287451860649238,31,0.1276247596263701,26.666666666666668,0.22086780071143244,0,0,not_top10
HealthState,mag__spectral__rms_frequency,20,0.4385006231399573,35,0.2350743236021809,25,0.1933119399896796,26.666666666666668,0.2889622955772726,0,0,not_top10
HealthState,v__spectral__rms_frequency,19,0.4480259846035814,34,0.2414157878895515,28,0.1702927024102371,27.0,0.2865781583011233,0,0,not_top10
HealthState,mag__time__skewness,33,0.1379139643170711,29,0.2918307710617205,22,0.2088479276676453,28.0,0.21286422101547897,0,0,not_top10
HealthState,v__spectral__centroid,17,0.4940363364678114,39,0.2129739060384054,29,0.1499143724475589,28.333333333333332,0.2856415383179252,0,0,not_top10
HealthState,mag__time__kurtosis,30,0.1527475307220755,30,0.2892475375655282,27,0.1866116332307859,29.0,0.20953556717279653,0,0,not_top10
HealthState,h__time__kurtosis,37,0.095932591261287,20,0.3304110459376487,33,0.0916618884407,30.0,0.17266850854654522,0,0,not_top10
HealthState,v__time__skewness,32,0.1452495163475259,42,0.2015707793065778,19,0.2209701950888661,31.0,0.18926349691432323,0,0,not_top10
HealthState,h__time__clearance_factor,34,0.1058392796870674,18,0.3534333266376981,42,0.018012013258337,31.333333333333332,0.15909487319436752,0,0,not_top10
HealthState,h__time__impulse_factor,35,0.1037682196403586,19,0.3433712052960986,41,0.0191960778814504,31.666666666666668,0.1554451676059692,0,0,not_top10
HealthState,mag__spectral__bandwidth,29,0.1734962829649625,37,0.2303877421657658,30,0.1311009613443552,32.0,0.17832832882502783,0,0,not_top10
HealthState,h__time__crest_factor,38,0.0950347073291547,21,0.3294103144021224,43,0.0174836756725634,34.0,0.14730956580128016,0,0,not_top10
HealthState,mag__time__clearance_factor,39,0.0883842162975718,25,0.307514155184901,38,0.0498739914560929,34.0,0.14859078764618858,0,0,not_top10
HealthState,mag__time__impulse_factor,41,0.0761617724797111,26,0.2965484338423186,39,0.0439794375786316,35.333333333333336,0.1388965479668871,0,0,not_top10
HealthState,h__time__skewness,31,0.1463745221681254,41,0.2072386227413324,36,0.0707547955432109,36.0,0.1414559801508896,0,0,not_top10
HealthState,v__time__impulse_factor,36,0.0979400885687409,38,0.2245882173772669,35,0.0793960226236953,36.333333333333336,0.13397477618990103,0,0,not_top10
HealthState,v__time__clearance_factor,40,0.0785276138347758,36,0.2310456906963537,34,0.084750316553682,36.666666666666664,0.1314412070282705,0,0,not_top10
HealthState,mag__time__crest_factor,43,0.0561366846397124,28,0.2945674939504731,40,0.0382348351960761,37.0,0.12964633792875388,0,0,not_top10
HealthState,v__time__crest_factor,42,0.0745984838087164,40,0.2092645118558175,37,0.0552032803732585,39.666666666666664,0.11302209201259746,0,0,not_top10
HealthState,h__time__mean,44,0.0024107489435969,44,0.0162364957041423,45,0.0057585802667556,44.333333333333336,0.008135274971498267,0,0,not_top10
HealthState,v__time__mean,45,0.0,45,0.0019025353704691,44,0.0135459953882299,44.666666666666664,0.005149510252899667,0,0,not_top10
RUL,mag__time__mean,1,0.7353060960945429,6,0.6494121494785365,4,0.5816824989031028,3.6666666666666665,0.6554669148253941,3,0,stable_candidate
RUL,mag__time__mean_abs,1,0.7353060960945429,6,0.6494121494785365,4,0.5816824989031028,3.6666666666666665,0.6554669148253941,3,0,stable_candidate
RUL,mag__time__rms,4,0.7345760799827227,2,0.6544405882744502,6,0.5807139043185965,4.0,0.6565768575252565,3,3,stable_candidate
RUL,h__time__rms,8,0.7022325702173482,3,0.6542490286556777,2,0.5878035949798087,4.333333333333333,0.6480950646176115,3,0,stable_candidate
RUL,h__time__mean_abs,10,0.6984410082271023,4,0.6533690875437028,1,0.5926770793544918,5.0,0.6481623917084323,3,0,stable_candidate
RUL,h__time__std,9,0.7022198424099447,5,0.6533142918257953,3,0.5873368757260924,5.666666666666667,0.6476236699872774,3,0,stable_candidate
RUL,mag__time__std,7,0.7106662331353449,1,0.6557272654617895,10,0.5639978066447812,6.0,0.6434637684139718,3,0,stable_candidate
RUL,v__time__mean_abs,3,0.7349545684459793,9,0.6324931489712778,7,0.5705548684130511,6.333333333333333,0.6460008619434361,3,0,stable_candidate
RUL,v__time__std,6,0.7258639354488265,10,0.630824311971327,9,0.5640590461575576,8.333333333333334,0.6402490978592371,3,0,stable_candidate
RUL,v__time__rms,5,0.7285697994778435,11,0.6304738426794938,8,0.5657952146304897,8.0,0.641612952262609,2,0,stable_candidate
RUL,h__time__ptp,12,0.6408852104966556,8,0.6327328234097969,11,0.5421207924700974,10.333333333333334,0.60524627545885,1,0,condition_specific
RUL,mag__time__ptp,13,0.6326685626243753,12,0.6215857115173201,12,0.5164514747989467,12.333333333333334,0.5902352496468808,0,0,not_top10
RUL,v__time__ptp,11,0.6507895576029966,13,0.6204249600545741,13,0.5154542889743124,12.333333333333334,0.5955562688772944,0,0,not_top10
RUL,mag__spectral__entropy,15,0.5521936677963396,14,0.5177345693943929,16,0.3274153106084675,15.0,0.46578118259973333,0,0,not_top10
RUL,mag__spectral__centroid,16,0.5284434619459717,20,0.3906133163877772,19,0.2995349226809246,18.333333333333332,0.4061972336715578,0,0,not_top10
RUL,v__spectral__entropy,14,0.5835644440862786,26,0.3799112415143818,17,0.3180004938990173,19.0,0.4271587264998926,0,0,not_top10
RUL,mag__spectral__rms_frequency,19,0.5121126401215108,18,0.3925495627153123,23,0.2801518263249288,20.0,0.39493800972058396,0,0,not_top10
RUL,mag__spectral__bandwidth,31,0.3112305153089367,16,0.3990139364387373,18,0.3007562875802638,21.666666666666668,0.337000246442646,0,0,not_top10
RUL,h__spectral__bandwidth,25,0.4401562616690576,27,0.3511255805889686,14,0.4322955365754158,22.0,0.40785912627781395,0,0,not_top10
RUL,v__spectral__rms_frequency,20,0.5052143523685491,31,0.3308999054684363,20,0.2919189073465082,23.666666666666668,0.37601105506116456,0,0,not_top10
RUL,v__spectral__bandwidth,22,0.4789797045854893,28,0.3499411060166052,22,0.288247888655459,24.0,0.37238956641918447,0,0,not_top10
RUL,h__spectral__entropy,18,0.5234180786648707,23,0.387655373798119,32,0.2250125951389173,24.333333333333332,0.3786953492006357,0,0,not_top10
RUL,h__spectral__rms_frequency,23,0.4643637418763034,29,0.3451024051208042,21,0.2895045646609745,24.333333333333332,0.3663235705526941,0,0,not_top10
RUL,h__spectral__centroid,21,0.4797658805892866,30,0.3389588807627635,25,0.2643246995629515,25.333333333333332,0.3610164869716672,0,0,not_top10
RUL,mag__time__skewness,34,0.228828738374467,15,0.414274246246415,28,0.2374506770466983,25.666666666666668,0.29351788722252675,0,0,not_top10
RUL,v__spectral__centroid,17,0.5257278236562934,35,0.2894557416315351,26,0.2500233677891166,26.0,0.35506897769231505,0,0,not_top10
RUL,h__time__skewness,30,0.3113841540650613,25,0.3847183131512354,29,0.2374193086033338,28.0,0.3111739252732102,0,0,not_top10
RUL,mag__time__kurtosis,35,0.2276803173245377,21,0.3900940331952461,31,0.2270023885775752,29.0,0.28159224636578634,0,0,not_top10
RUL,v__time__kurtosis,24,0.4457937609927815,36,0.2689132380733406,30,0.2319107624041041,30.0,0.31553925382340875,0,0,not_top10
RUL,v__spectral__peak_frequency,40,0.2087672566518048,38,0.2366001332953456,15,0.3543518793591029,31.0,0.2665730897687511,0,0,not_top10
RUL,h__time__kurtosis,39,0.2114614752315472,22,0.3884861389099166,33,0.2173038977096628,31.333333333333332,0.2724171706170422,0,0,not_top10
RUL,h__time__clearance_factor,37,0.2189251252204915,17,0.3940985999147148,41,0.1748515560008244,31.666666666666668,0.2626250937120102,0,0,not_top10
RUL,h__time__impulse_factor,36,0.2198726178422838,19,0.3918372919766743,42,0.1737805813626174,32.333333333333336,0.2618301637271918,0,0,not_top10
RUL,v__time__skewness,29,0.3115005927989203,41,0.2139231553522114,27,0.2421025169871494,32.333333333333336,0.255842088379427,0,0,not_top10
RUL,h__spectral__peak_frequency,32,0.3103628510379593,44,0.162899235295869,24,0.269325808110769,33.333333333333336,0.2475292981481991,0,0,not_top10
RUL,v__time__clearance_factor,27,0.3248445511515346,39,0.2207390464801173,34,0.197977119748777,33.333333333333336,0.24785357246014295,0,0,not_top10
RUL,v__time__impulse_factor,28,0.3200234266341308,40,0.2175858285839987,35,0.196406418647698,34.333333333333336,0.2446718912886092,0,0,not_top10
RUL,h__time__crest_factor,38,0.2163216444753534,24,0.385967398521062,44,0.1684541426664057,35.333333333333336,0.25691439522094034,0,0,not_top10
RUL,mag__spectral__peak_frequency,26,0.3517770564842757,37,0.2500482337792367,45,0.1463599624343436,36.0,0.24939508423261866,0,0,not_top10
RUL,v__time__crest_factor,33,0.3091557782827668,42,0.2109608269051662,36,0.1941153764605128,37.0,0.2380773272161486,0,0,not_top10
RUL,mag__time__clearance_factor,44,0.1751578980593752,32,0.3180421201156503,39,0.178378463497194,38.333333333333336,0.2238594938907398,0,0,not_top10
RUL,mag__time__impulse_factor,42,0.1791199753784275,33,0.3157511985244391,40,0.1759421346802636,38.333333333333336,0.22360443619437675,0,0,not_top10
RUL,mag__time__crest_factor,41,0.1856282153048027,34,0.3059578374003933,43,0.1708461183368066,39.333333333333336,0.22081072368066754,0,0,not_top10
RUL,h__time__mean,43,0.1761798484566562,45,0.1449189795957395,37,0.1880709073447627,41.666666666666664,0.16972324513238612,0,0,not_top10
RUL,v__time__mean,45,0.1392283851245138,43,0.1647546899287721,38,0.1816456676383438,42.0,0.16187624756387656,0,0,not_top10
