paper,dataset_name,condition_name,model_name,paper_metric_name,local_metric_name,paper_value,local_value,abs_relative_gap_pct,within_threshold
Jiang et al. 2026 xLSTM-Transformer,XJTU-SY,condition_1_35Hz12kN,Feature-Transformer,rmse,normalized_rmse,0.0885,0.0590133068496429,33.31829734503625,True
Jiang et al. 2026 xLSTM-Transformer,XJTU-SY,condition_1_35Hz12kN,Feature-Transformer,r2,r2,0.9287,0.9586841017127284,3.22861006920733,True
Jiang et al. 2026 xLSTM-Transformer,XJTU-SY,condition_1_35Hz12kN,Feature-Transformer,score,phm2012_score,0.9666,58.83630235693556,5986.933825464055,False
Jiang et al. 2026 xLSTM-Transformer,XJTU-SY,condition_1_35Hz12kN,LSTM-Transformer,rmse,normalized_rmse,0.0666,0.0898686658418859,34.93793669952846,True
Jiang et al. 2026 xLSTM-Transformer,XJTU-SY,condition_1_35Hz12kN,LSTM-Transformer,r2,r2,0.9596,0.9041849157716576,5.774810778276616,True
Jiang et al. 2026 xLSTM-Transformer,XJTU-SY,condition_1_35Hz12kN,LSTM-Transformer,score,phm2012_score,0.6788,88.74886301210319,12974.375812036416,False
Jiang et al. 2026 xLSTM-Transformer,XJTU-SY,condition_1_35Hz12kN,XLSTM-Transformer,rmse,normalized_rmse,0.0583,0.0645581483485036,10.734388247862116,True
Jiang et al. 2026 xLSTM-Transformer,XJTU-SY,condition_1_35Hz12kN,XLSTM-Transformer,r2,r2,0.9691,0.9505553362295004,1.913596509183746,True
Jiang et al. 2026 xLSTM-Transformer,XJTU-SY,condition_1_35Hz12kN,XLSTM-Transformer,score,phm2012_score,0.5572,66.83933790370739,11895.573923852726,False
Jiang et al. 2026 xLSTM-Transformer,XJTU-SY,condition_2_37_5Hz11kN,Feature-Transformer,rmse,normalized_rmse,0.111,0.1992482685357949,79.50294462684226,False
Jiang et al. 2026 xLSTM-Transformer,XJTU-SY,condition_2_37_5Hz11kN,Feature-Transformer,r2,r2,0.8833,0.5334633480116464,39.60564383429793,True
Jiang et al. 2026 xLSTM-Transformer,XJTU-SY,condition_2_37_5Hz11kN,Feature-Transformer,score,phm2012_score,4.5334,529.8423728552344,11587.527525813612,False
Jiang et al. 2026 xLSTM-Transformer,XJTU-SY,condition_2_37_5Hz11kN,LSTM-Transformer,rmse,normalized_rmse,0.0942,0.2086998954784007,121.54978288577573,False
Jiang et al. 2026 xLSTM-Transformer,XJTU-SY,condition_2_37_5Hz11kN,LSTM-Transformer,r2,r2,0.916,0.4881518718611017,46.70831093219413,True
Jiang et al. 2026 xLSTM-Transformer,XJTU-SY,condition_2_37_5Hz11kN,LSTM-Transformer,score,phm2012_score,3.2863,448.0282225993651,13533.211289272587,False
Jiang et al. 2026 xLSTM-Transformer,XJTU-SY,condition_2_37_5Hz11kN,XLSTM-Transformer,rmse,normalized_rmse,0.0784,0.1601416353375285,104.2622899713374,False
Jiang et al. 2026 xLSTM-Transformer,XJTU-SY,condition_2_37_5Hz11kN,XLSTM-Transformer,r2,r2,0.9418,0.6986264217877656,25.82008687749357,True
Jiang et al. 2026 xLSTM-Transformer,XJTU-SY,condition_2_37_5Hz11kN,XLSTM-Transformer,score,phm2012_score,2.5777,397.7449479299078,15330.226478252234,False
Jiang et al. 2026 xLSTM-Transformer,XJTU-SY,condition_3_40Hz10kN,Feature-Transformer,rmse,normalized_rmse,0.0742,0.1365929918310211,84.08759006876167,False
Jiang et al. 2026 xLSTM-Transformer,XJTU-SY,condition_3_40Hz10kN,Feature-Transformer,r2,r2,0.8401,0.7812334384281334,7.0070898192913385,True
Jiang et al. 2026 xLSTM-Transformer,XJTU-SY,condition_3_40Hz10kN,Feature-Transformer,score,phm2012_score,0.9482,187.48534657873824,19672.763823954672,False
Jiang et al. 2026 xLSTM-Transformer,XJTU-SY,condition_3_40Hz10kN,LSTM-Transformer,rmse,normalized_rmse,0.0574,0.1328975361803155,131.5288086765079,False
Jiang et al. 2026 xLSTM-Transformer,XJTU-SY,condition_3_40Hz10kN,LSTM-Transformer,r2,r2,0.9045,0.7929105547291623,12.337141544592338,True
Jiang et al. 2026 xLSTM-Transformer,XJTU-SY,condition_3_40Hz10kN,LSTM-Transformer,score,phm2012_score,0.8114,189.3772596349637,23239.568601794886,False
Jiang et al. 2026 xLSTM-Transformer,XJTU-SY,condition_3_40Hz10kN,XLSTM-Transformer,rmse,normalized_rmse,0.0532,0.06724081020916,26.39250039315802,True
Jiang et al. 2026 xLSTM-Transformer,XJTU-SY,condition_3_40Hz10kN,XLSTM-Transformer,r2,r2,0.9179,0.9469860723247256,3.168762645683134,True
Jiang et al. 2026 xLSTM-Transformer,XJTU-SY,condition_3_40Hz10kN,XLSTM-Transformer,score,phm2012_score,0.841,66.7744754484627,7839.890065215542,False
Jiang et al. 2026 xLSTM-Transformer,PHM2012,condition_1,Feature-Transformer,rmse,normalized_rmse,0.1138,0.1959058238813064,72.14923012417086,True
Jiang et al. 2026 xLSTM-Transformer,PHM2012,condition_1,Feature-Transformer,r2,r2,0.8807,0.5496428531326673,37.59022900730473,True
Jiang et al. 2026 xLSTM-Transformer,PHM2012,condition_1,Feature-Transformer,score,phm2012_score,18.607,192.71249537801447,935.698905669987,False
Jiang et al. 2026 xLSTM-Transformer,PHM2012,condition_1,LSTM-Transformer,rmse,normalized_rmse,0.1007,0.2388299222624999,137.1697341236345,False
Jiang et al. 2026 xLSTM-Transformer,PHM2012,condition_1,LSTM-Transformer,r2,r2,0.9067,0.3306706951157133,63.530308247963674,True
Jiang et al. 2026 xLSTM-Transformer,PHM2012,condition_1,LSTM-Transformer,score,phm2012_score,17.994,324.53975685469754,1703.5998491424782,False
Jiang et al. 2026 xLSTM-Transformer,PHM2012,condition_1,XLSTM-Transformer,rmse,normalized_rmse,0.0565,0.187602380062685,232.039610730416,False
Jiang et al. 2026 xLSTM-Transformer,PHM2012,condition_1,XLSTM-Transformer,r2,r2,0.9706,0.5870104591751313,39.52086758962175,True
Jiang et al. 2026 xLSTM-Transformer,PHM2012,condition_1,XLSTM-Transformer,score,phm2012_score,10.1616,177.51880357333675,1646.9572072639817,False
Jiang et al. 2026 xLSTM-Transformer,PHM2012,condition_2,Feature-Transformer,rmse,normalized_rmse,0.0675,0.4366979101169843,546.9598668399767,False
Jiang et al. 2026 xLSTM-Transformer,PHM2012,condition_2,Feature-Transformer,r2,r2,0.6281,-1.239228252744658,297.2979227423432,False
Jiang et al. 2026 xLSTM-Transformer,PHM2012,condition_2,Feature-Transformer,score,phm2012_score,4.5328,1608.981800413953,35396.421646972136,False
Jiang et al. 2026 xLSTM-Transformer,PHM2012,condition_2,LSTM-Transformer,rmse,normalized_rmse,0.0856,0.4894575996101998,471.796261226869,False
Jiang et al. 2026 xLSTM-Transformer,PHM2012,condition_2,LSTM-Transformer,r2,r2,0.4021,-1.8129777045599045,550.8773202088794,False
Jiang et al. 2026 xLSTM-Transformer,PHM2012,condition_2,LSTM-Transformer,score,phm2012_score,8.0399,3021.179371332294,37477.32523205878,False
Jiang et al. 2026 xLSTM-Transformer,PHM2012,condition_2,XLSTM-Transformer,rmse,normalized_rmse,0.0651,0.3741700935809881,474.7620485115025,False
Jiang et al. 2026 xLSTM-Transformer,PHM2012,condition_2,XLSTM-Transformer,r2,r2,0.6539,-0.6438957893728092,198.47007025123247,False
Jiang et al. 2026 xLSTM-Transformer,PHM2012,condition_2,XLSTM-Transformer,score,phm2012_score,4.1367,507.972552635357,12179.65655317903,False
Jiang et al. 2026 xLSTM-Transformer,PHM2012,condition_3,Feature-Transformer,rmse,normalized_rmse,0.1376,0.0836470810639823,39.209970156989584,True
Jiang et al. 2026 xLSTM-Transformer,PHM2012,condition_3,Feature-Transformer,r2,r2,0.8284,0.9178271809833722,10.795169119190271,True
Jiang et al. 2026 xLSTM-Transformer,PHM2012,condition_3,Feature-Transformer,score,phm2012_score,3.6868,56.87742721799687,1442.731561733668,False
Jiang et al. 2026 xLSTM-Transformer,PHM2012,condition_3,LSTM-Transformer,rmse,normalized_rmse,0.1335,0.1481975713957909,11.009416775873328,True
Jiang et al. 2026 xLSTM-Transformer,PHM2012,condition_3,LSTM-Transformer,r2,r2,0.8384,0.742065889958511,11.490232590826462,True
Jiang et al. 2026 xLSTM-Transformer,PHM2012,condition_3,LSTM-Transformer,score,phm2012_score,3.6223,130.13248747348405,3492.5375444740644,False
Jiang et al. 2026 xLSTM-Transformer,PHM2012,condition_3,XLSTM-Transformer,rmse,normalized_rmse,0.1211,0.1076301880901141,11.122883492886766,True
Jiang et al. 2026 xLSTM-Transformer,PHM2012,condition_3,XLSTM-Transformer,r2,r2,0.8671,0.8639511723999372,0.3631446892011005,True
Jiang et al. 2026 xLSTM-Transformer,PHM2012,condition_3,XLSTM-Transformer,score,phm2012_score,3.4079,88.10091855180987,2485.1967062358012,False
