dataset,task,experiment_id,model_family,split,bearing_id,n,metric,value
XJTU-SY,rul_tabular,xjtu_main_rul_mlp_full_manual_basic_no_reference,MLP,val,Bearing1_4,122,RMSE,0.9792466952496587
XJTU-SY,rul_tabular,xjtu_main_rul_mlp_full_manual_basic_no_reference,MLP,val,Bearing1_4,122,MAE,0.24630160057214928
XJTU-SY,rul_tabular,xjtu_main_rul_mlp_full_manual_basic_no_reference,MLP,val,Bearing2_4,42,RMSE,0.16369335310589334
XJTU-SY,rul_tabular,xjtu_main_rul_mlp_full_manual_basic_no_reference,MLP,val,Bearing2_4,42,MAE,0.1425631798449017
XJTU-SY,rul_tabular,xjtu_main_rul_mlp_full_manual_basic_no_reference,MLP,val,Bearing3_4,1515,RMSE,0.22310948341639414
XJTU-SY,rul_tabular,xjtu_main_rul_mlp_full_manual_basic_no_reference,MLP,val,Bearing3_4,1515,MAE,0.15535692980777313
XJTU-SY,rul_tabular,xjtu_main_rul_mlp_full_manual_basic_no_reference,MLP,test,Bearing1_5,52,RMSE,0.42813213464424005
XJTU-SY,rul_tabular,xjtu_main_rul_mlp_full_manual_basic_no_reference,MLP,test,Bearing1_5,52,MAE,0.37170348638811934
XJTU-SY,rul_tabular,xjtu_main_rul_mlp_full_manual_basic_no_reference,MLP,test,Bearing2_5,339,RMSE,0.3538608443611416
XJTU-SY,rul_tabular,xjtu_main_rul_mlp_full_manual_basic_no_reference,MLP,test,Bearing2_5,339,MAE,0.3297043483536745
XJTU-SY,rul_tabular,xjtu_main_rul_mlp_full_manual_basic_no_reference,MLP,test,Bearing3_5,114,RMSE,0.5758375054109683
XJTU-SY,rul_tabular,xjtu_main_rul_mlp_full_manual_basic_no_reference,MLP,test,Bearing3_5,114,MAE,0.5168396960208682
PHM2012,rul_tabular,phm_official_rul_mlp_compact_non_label_source,MLP,val,Bearing1_3,2375,RMSE,0.39558415762601606
PHM2012,rul_tabular,phm_official_rul_mlp_compact_non_label_source,MLP,val,Bearing1_3,2375,MAE,0.2651190903892152
PHM2012,rul_tabular,phm_official_rul_mlp_compact_non_label_source,MLP,val,Bearing2_3,1955,RMSE,0.33588174911800656
PHM2012,rul_tabular,phm_official_rul_mlp_compact_non_label_source,MLP,val,Bearing2_3,1955,MAE,0.2565964695572367
PHM2012,rul_tabular,phm_official_rul_mlp_compact_non_label_source,MLP,test,Bearing1_4,1428,RMSE,0.6973257578200088
PHM2012,rul_tabular,phm_official_rul_mlp_compact_non_label_source,MLP,test,Bearing1_4,1428,MAE,0.3857068110148798
PHM2012,rul_tabular,phm_official_rul_mlp_compact_non_label_source,MLP,test,Bearing1_5,2463,RMSE,0.16872160751778176
PHM2012,rul_tabular,phm_official_rul_mlp_compact_non_label_source,MLP,test,Bearing1_5,2463,MAE,0.1357667510387523
PHM2012,rul_tabular,phm_official_rul_mlp_compact_non_label_source,MLP,test,Bearing1_6,2448,RMSE,0.28486383948810895
PHM2012,rul_tabular,phm_official_rul_mlp_compact_non_label_source,MLP,test,Bearing1_6,2448,MAE,0.2424906966785974
PHM2012,rul_tabular,phm_official_rul_mlp_compact_non_label_source,MLP,test,Bearing1_7,2259,RMSE,0.3742641048547208
PHM2012,rul_tabular,phm_official_rul_mlp_compact_non_label_source,MLP,test,Bearing1_7,2259,MAE,0.3198034732164034
PHM2012,rul_tabular,phm_official_rul_mlp_compact_non_label_source,MLP,test,Bearing2_4,751,RMSE,0.39303395871281716
PHM2012,rul_tabular,phm_official_rul_mlp_compact_non_label_source,MLP,test,Bearing2_4,751,MAE,0.2791522926652181
PHM2012,rul_tabular,phm_official_rul_mlp_compact_non_label_source,MLP,test,Bearing2_5,2311,RMSE,0.32413276981386163
PHM2012,rul_tabular,phm_official_rul_mlp_compact_non_label_source,MLP,test,Bearing2_5,2311,MAE,0.2580336935374573
PHM2012,rul_tabular,phm_official_rul_mlp_compact_non_label_source,MLP,test,Bearing2_6,701,RMSE,0.6535060803581294
PHM2012,rul_tabular,phm_official_rul_mlp_compact_non_label_source,MLP,test,Bearing2_6,701,MAE,0.6212548004960198
PHM2012,rul_tabular,phm_official_rul_mlp_compact_non_label_source,MLP,test,Bearing2_7,230,RMSE,0.3118451228266819
PHM2012,rul_tabular,phm_official_rul_mlp_compact_non_label_source,MLP,test,Bearing2_7,230,MAE,0.24842430209417057
PHM2012,rul_tabular,phm_official_rul_mlp_compact_non_label_source,MLP,test,Bearing3_3,434,RMSE,0.3262738798109049
PHM2012,rul_tabular,phm_official_rul_mlp_compact_non_label_source,MLP,test,Bearing3_3,434,MAE,0.276479897416553
PHM2012,rul_tabular,phm_official_rul_mlp_tuned_compact_non_label_source,MLP,val,Bearing1_3,2375,RMSE,0.4947712496813112
PHM2012,rul_tabular,phm_official_rul_mlp_tuned_compact_non_label_source,MLP,val,Bearing1_3,2375,MAE,0.26605770729487077
PHM2012,rul_tabular,phm_official_rul_mlp_tuned_compact_non_label_source,MLP,val,Bearing2_3,1955,RMSE,0.4340628616335667
PHM2012,rul_tabular,phm_official_rul_mlp_tuned_compact_non_label_source,MLP,val,Bearing2_3,1955,MAE,0.3615177916090154
PHM2012,rul_tabular,phm_official_rul_mlp_tuned_compact_non_label_source,MLP,test,Bearing1_4,1428,RMSE,0.2467542448706246
PHM2012,rul_tabular,phm_official_rul_mlp_tuned_compact_non_label_source,MLP,test,Bearing1_4,1428,MAE,0.13764176494719105
PHM2012,rul_tabular,phm_official_rul_mlp_tuned_compact_non_label_source,MLP,test,Bearing1_5,2463,RMSE,0.09564970181241947
PHM2012,rul_tabular,phm_official_rul_mlp_tuned_compact_non_label_source,MLP,test,Bearing1_5,2463,MAE,0.08012844201962346
PHM2012,rul_tabular,phm_official_rul_mlp_tuned_compact_non_label_source,MLP,test,Bearing1_6,2448,RMSE,0.2901110433844209
PHM2012,rul_tabular,phm_official_rul_mlp_tuned_compact_non_label_source,MLP,test,Bearing1_6,2448,MAE,0.2391248736504387
PHM2012,rul_tabular,phm_official_rul_mlp_tuned_compact_non_label_source,MLP,test,Bearing1_7,2259,RMSE,0.4692282326946724
PHM2012,rul_tabular,phm_official_rul_mlp_tuned_compact_non_label_source,MLP,test,Bearing1_7,2259,MAE,0.3937035551584666
PHM2012,rul_tabular,phm_official_rul_mlp_tuned_compact_non_label_source,MLP,test,Bearing2_4,751,RMSE,0.3997259934513901
PHM2012,rul_tabular,phm_official_rul_mlp_tuned_compact_non_label_source,MLP,test,Bearing2_4,751,MAE,0.27837151497448687
PHM2012,rul_tabular,phm_official_rul_mlp_tuned_compact_non_label_source,MLP,test,Bearing2_5,2311,RMSE,0.42701857685360084
PHM2012,rul_tabular,phm_official_rul_mlp_tuned_compact_non_label_source,MLP,test,Bearing2_5,2311,MAE,0.35804969858453883
PHM2012,rul_tabular,phm_official_rul_mlp_tuned_compact_non_label_source,MLP,test,Bearing2_6,701,RMSE,0.3239328190981975
PHM2012,rul_tabular,phm_official_rul_mlp_tuned_compact_non_label_source,MLP,test,Bearing2_6,701,MAE,0.31819829738004063
PHM2012,rul_tabular,phm_official_rul_mlp_tuned_compact_non_label_source,MLP,test,Bearing2_7,230,RMSE,0.28861210294914685
PHM2012,rul_tabular,phm_official_rul_mlp_tuned_compact_non_label_source,MLP,test,Bearing2_7,230,MAE,0.24629649557578176
PHM2012,rul_tabular,phm_official_rul_mlp_tuned_compact_non_label_source,MLP,test,Bearing3_3,434,RMSE,0.2960667888759628
PHM2012,rul_tabular,phm_official_rul_mlp_tuned_compact_non_label_source,MLP,test,Bearing3_3,434,MAE,0.23433419710673253
XJTU-SY,rul_tabular,y01_xjtu_rul_xgboost_full_manual_basic_no_reference,xgboost_regressor,train,Bearing1_1,123,RMSE,0.05426205993594907
XJTU-SY,rul_tabular,y01_xjtu_rul_xgboost_full_manual_basic_no_reference,xgboost_regressor,train,Bearing1_1,123,MAE,0.03323333333359986
XJTU-SY,rul_tabular,y01_xjtu_rul_xgboost_full_manual_basic_no_reference,xgboost_regressor,train,Bearing1_2,161,RMSE,0.04591296498607333
XJTU-SY,rul_tabular,y01_xjtu_rul_xgboost_full_manual_basic_no_reference,xgboost_regressor,train,Bearing1_2,161,MAE,0.034305058121796905
XJTU-SY,rul_tabular,y01_xjtu_rul_xgboost_full_manual_basic_no_reference,xgboost_regressor,train,Bearing1_3,158,RMSE,0.04165943649190385
XJTU-SY,rul_tabular,y01_xjtu_rul_xgboost_full_manual_basic_no_reference,xgboost_regressor,train,Bearing1_3,158,MAE,0.02938781331493696
XJTU-SY,rul_tabular,y01_xjtu_rul_xgboost_full_manual_basic_no_reference,xgboost_regressor,train,Bearing2_1,491,RMSE,0.016722191324944864
XJTU-SY,rul_tabular,y01_xjtu_rul_xgboost_full_manual_basic_no_reference,xgboost_regressor,train,Bearing2_1,491,MAE,0.006827511375128859
XJTU-SY,rul_tabular,y01_xjtu_rul_xgboost_full_manual_basic_no_reference,xgboost_regressor,train,Bearing2_2,161,RMSE,0.04131002358310222
XJTU-SY,rul_tabular,y01_xjtu_rul_xgboost_full_manual_basic_no_reference,xgboost_regressor,train,Bearing2_2,161,MAE,0.026297802105545998
XJTU-SY,rul_tabular,y01_xjtu_rul_xgboost_full_manual_basic_no_reference,xgboost_regressor,train,Bearing2_3,533,RMSE,0.04463242080402269
XJTU-SY,rul_tabular,y01_xjtu_rul_xgboost_full_manual_basic_no_reference,xgboost_regressor,train,Bearing2_3,533,MAE,0.029633769728365664
XJTU-SY,rul_tabular,y01_xjtu_rul_xgboost_full_manual_basic_no_reference,xgboost_regressor,train,Bearing3_1,2538,RMSE,0.01438010005965926
XJTU-SY,rul_tabular,y01_xjtu_rul_xgboost_full_manual_basic_no_reference,xgboost_regressor,train,Bearing3_1,2538,MAE,0.005051203371503393
XJTU-SY,rul_tabular,y01_xjtu_rul_xgboost_full_manual_basic_no_reference,xgboost_regressor,train,Bearing3_2,2496,RMSE,0.06978247049634055
XJTU-SY,rul_tabular,y01_xjtu_rul_xgboost_full_manual_basic_no_reference,xgboost_regressor,train,Bearing3_2,2496,MAE,0.03715482839815638
XJTU-SY,rul_tabular,y01_xjtu_rul_xgboost_full_manual_basic_no_reference,xgboost_regressor,train,Bearing3_3,371,RMSE,0.025699652553165985
XJTU-SY,rul_tabular,y01_xjtu_rul_xgboost_full_manual_basic_no_reference,xgboost_regressor,train,Bearing3_3,371,MAE,0.011065971964814592
XJTU-SY,rul_tabular,y01_xjtu_rul_xgboost_full_manual_basic_no_reference,xgboost_regressor,val,Bearing1_4,122,RMSE,0.30881218895392687
XJTU-SY,rul_tabular,y01_xjtu_rul_xgboost_full_manual_basic_no_reference,xgboost_regressor,val,Bearing1_4,122,MAE,0.1558215490038522
XJTU-SY,rul_tabular,y01_xjtu_rul_xgboost_full_manual_basic_no_reference,xgboost_regressor,val,Bearing2_4,42,RMSE,0.1421059991771353
XJTU-SY,rul_tabular,y01_xjtu_rul_xgboost_full_manual_basic_no_reference,xgboost_regressor,val,Bearing2_4,42,MAE,0.11939543716254689
XJTU-SY,rul_tabular,y01_xjtu_rul_xgboost_full_manual_basic_no_reference,xgboost_regressor,val,Bearing3_4,1515,RMSE,0.30471073975470286
XJTU-SY,rul_tabular,y01_xjtu_rul_xgboost_full_manual_basic_no_reference,xgboost_regressor,val,Bearing3_4,1515,MAE,0.25521973462732317
XJTU-SY,rul_tabular,y01_xjtu_rul_xgboost_full_manual_basic_no_reference,xgboost_regressor,test,Bearing1_5,52,RMSE,0.48270796553975404
XJTU-SY,rul_tabular,y01_xjtu_rul_xgboost_full_manual_basic_no_reference,xgboost_regressor,test,Bearing1_5,52,MAE,0.4458995196574296
XJTU-SY,rul_tabular,y01_xjtu_rul_xgboost_full_manual_basic_no_reference,xgboost_regressor,test,Bearing2_5,339,RMSE,0.3604478247512429
XJTU-SY,rul_tabular,y01_xjtu_rul_xgboost_full_manual_basic_no_reference,xgboost_regressor,test,Bearing2_5,339,MAE,0.31812170278905977
XJTU-SY,rul_tabular,y01_xjtu_rul_xgboost_full_manual_basic_no_reference,xgboost_regressor,test,Bearing3_5,114,RMSE,0.5761851295203247
XJTU-SY,rul_tabular,y01_xjtu_rul_xgboost_full_manual_basic_no_reference,xgboost_regressor,test,Bearing3_5,114,MAE,0.5045092321310413
XJTU-SY,rul_tabular,y02_xjtu_rul_random_forest_full_manual_basic_no_reference,random_forest_regressor,train,Bearing1_1,123,RMSE,0.02902173872350504
XJTU-SY,rul_tabular,y02_xjtu_rul_random_forest_full_manual_basic_no_reference,random_forest_regressor,train,Bearing1_1,123,MAE,0.012221404803952804
XJTU-SY,rul_tabular,y02_xjtu_rul_random_forest_full_manual_basic_no_reference,random_forest_regressor,train,Bearing1_2,161,RMSE,0.026756391786451873
XJTU-SY,rul_tabular,y02_xjtu_rul_random_forest_full_manual_basic_no_reference,random_forest_regressor,train,Bearing1_2,161,MAE,0.015579201314921461
XJTU-SY,rul_tabular,y02_xjtu_rul_random_forest_full_manual_basic_no_reference,random_forest_regressor,train,Bearing1_3,158,RMSE,0.014516175744430636
XJTU-SY,rul_tabular,y02_xjtu_rul_random_forest_full_manual_basic_no_reference,random_forest_regressor,train,Bearing1_3,158,MAE,0.007927054993136288
XJTU-SY,rul_tabular,y02_xjtu_rul_random_forest_full_manual_basic_no_reference,random_forest_regressor,train,Bearing2_1,491,RMSE,0.006843202734214673
XJTU-SY,rul_tabular,y02_xjtu_rul_random_forest_full_manual_basic_no_reference,random_forest_regressor,train,Bearing2_1,491,MAE,0.0014572408417561494
XJTU-SY,rul_tabular,y02_xjtu_rul_random_forest_full_manual_basic_no_reference,random_forest_regressor,train,Bearing2_2,161,RMSE,0.021717918800833746
XJTU-SY,rul_tabular,y02_xjtu_rul_random_forest_full_manual_basic_no_reference,random_forest_regressor,train,Bearing2_2,161,MAE,0.011904872211851622
XJTU-SY,rul_tabular,y02_xjtu_rul_random_forest_full_manual_basic_no_reference,random_forest_regressor,train,Bearing2_3,533,RMSE,0.015090883651024801
XJTU-SY,rul_tabular,y02_xjtu_rul_random_forest_full_manual_basic_no_reference,random_forest_regressor,train,Bearing2_3,533,MAE,0.007943326689929881
XJTU-SY,rul_tabular,y02_xjtu_rul_random_forest_full_manual_basic_no_reference,random_forest_regressor,train,Bearing3_1,2538,RMSE,0.004584301981250459
XJTU-SY,rul_tabular,y02_xjtu_rul_random_forest_full_manual_basic_no_reference,random_forest_regressor,train,Bearing3_1,2538,MAE,0.0007586787623027417
XJTU-SY,rul_tabular,y02_xjtu_rul_random_forest_full_manual_basic_no_reference,random_forest_regressor,train,Bearing3_2,2496,RMSE,0.03827627363986293
XJTU-SY,rul_tabular,y02_xjtu_rul_random_forest_full_manual_basic_no_reference,random_forest_regressor,train,Bearing3_2,2496,MAE,0.01623732479502015
XJTU-SY,rul_tabular,y02_xjtu_rul_random_forest_full_manual_basic_no_reference,random_forest_regressor,train,Bearing3_3,371,RMSE,0.01704100312949548
XJTU-SY,rul_tabular,y02_xjtu_rul_random_forest_full_manual_basic_no_reference,random_forest_regressor,train,Bearing3_3,371,MAE,0.0047979140140578394
XJTU-SY,rul_tabular,y02_xjtu_rul_random_forest_full_manual_basic_no_reference,random_forest_regressor,val,Bearing1_4,122,RMSE,0.30735449013908334
XJTU-SY,rul_tabular,y02_xjtu_rul_random_forest_full_manual_basic_no_reference,random_forest_regressor,val,Bearing1_4,122,MAE,0.14929729350680765
XJTU-SY,rul_tabular,y02_xjtu_rul_random_forest_full_manual_basic_no_reference,random_forest_regressor,val,Bearing2_4,42,RMSE,0.15247065999919696
XJTU-SY,rul_tabular,y02_xjtu_rul_random_forest_full_manual_basic_no_reference,random_forest_regressor,val,Bearing2_4,42,MAE,0.13480368760736589
XJTU-SY,rul_tabular,y02_xjtu_rul_random_forest_full_manual_basic_no_reference,random_forest_regressor,val,Bearing3_4,1515,RMSE,0.28428483040239705
XJTU-SY,rul_tabular,y02_xjtu_rul_random_forest_full_manual_basic_no_reference,random_forest_regressor,val,Bearing3_4,1515,MAE,0.17373682991146117
XJTU-SY,rul_tabular,y02_xjtu_rul_random_forest_full_manual_basic_no_reference,random_forest_regressor,test,Bearing1_5,52,RMSE,0.393658207963636
XJTU-SY,rul_tabular,y02_xjtu_rul_random_forest_full_manual_basic_no_reference,random_forest_regressor,test,Bearing1_5,52,MAE,0.3605071035146945
XJTU-SY,rul_tabular,y02_xjtu_rul_random_forest_full_manual_basic_no_reference,random_forest_regressor,test,Bearing2_5,339,RMSE,0.3190369190813778
XJTU-SY,rul_tabular,y02_xjtu_rul_random_forest_full_manual_basic_no_reference,random_forest_regressor,test,Bearing2_5,339,MAE,0.2456690767556965
XJTU-SY,rul_tabular,y02_xjtu_rul_random_forest_full_manual_basic_no_reference,random_forest_regressor,test,Bearing3_5,114,RMSE,0.5780983431391964
XJTU-SY,rul_tabular,y02_xjtu_rul_random_forest_full_manual_basic_no_reference,random_forest_regressor,test,Bearing3_5,114,MAE,0.5015606989566896
PHM2012,rul_tabular,y07_phm_rul_xgboost_compact_non_label_source,xgboost_regressor,train,Bearing1_1,2803,RMSE,0.09204987435137395
PHM2012,rul_tabular,y07_phm_rul_xgboost_compact_non_label_source,xgboost_regressor,train,Bearing1_1,2803,MAE,0.060482472048727996
PHM2012,rul_tabular,y07_phm_rul_xgboost_compact_non_label_source,xgboost_regressor,train,Bearing1_2,871,RMSE,0.084970741061955
PHM2012,rul_tabular,y07_phm_rul_xgboost_compact_non_label_source,xgboost_regressor,train,Bearing1_2,871,MAE,0.041967551870833994
PHM2012,rul_tabular,y07_phm_rul_xgboost_compact_non_label_source,xgboost_regressor,train,Bearing2_1,911,RMSE,0.210307804766449
PHM2012,rul_tabular,y07_phm_rul_xgboost_compact_non_label_source,xgboost_regressor,train,Bearing2_1,911,MAE,0.16282650729120965
PHM2012,rul_tabular,y07_phm_rul_xgboost_compact_non_label_source,xgboost_regressor,train,Bearing2_2,797,RMSE,0.1591941579727511
PHM2012,rul_tabular,y07_phm_rul_xgboost_compact_non_label_source,xgboost_regressor,train,Bearing2_2,797,MAE,0.13117379099735346
PHM2012,rul_tabular,y07_phm_rul_xgboost_compact_non_label_source,xgboost_regressor,train,Bearing3_1,515,RMSE,0.28445512406164336
PHM2012,rul_tabular,y07_phm_rul_xgboost_compact_non_label_source,xgboost_regressor,train,Bearing3_1,515,MAE,0.2144510351573524
PHM2012,rul_tabular,y07_phm_rul_xgboost_compact_non_label_source,xgboost_regressor,train,Bearing3_2,1637,RMSE,0.13021896825145582
PHM2012,rul_tabular,y07_phm_rul_xgboost_compact_non_label_source,xgboost_regressor,train,Bearing3_2,1637,MAE,0.07600990174822941
PHM2012,rul_tabular,y07_phm_rul_xgboost_compact_non_label_source,xgboost_regressor,val,Bearing1_3,2375,RMSE,0.2164401913081196
PHM2012,rul_tabular,y07_phm_rul_xgboost_compact_non_label_source,xgboost_regressor,val,Bearing1_3,2375,MAE,0.1899310303224116
PHM2012,rul_tabular,y07_phm_rul_xgboost_compact_non_label_source,xgboost_regressor,val,Bearing2_3,1955,RMSE,0.36201127549351636
PHM2012,rul_tabular,y07_phm_rul_xgboost_compact_non_label_source,xgboost_regressor,val,Bearing2_3,1955,MAE,0.2879707443162256
PHM2012,rul_tabular,y07_phm_rul_xgboost_compact_non_label_source,xgboost_regressor,test,Bearing1_4,1428,RMSE,0.2696648814911508
PHM2012,rul_tabular,y07_phm_rul_xgboost_compact_non_label_source,xgboost_regressor,test,Bearing1_4,1428,MAE,0.15628610629244663
PHM2012,rul_tabular,y07_phm_rul_xgboost_compact_non_label_source,xgboost_regressor,test,Bearing1_5,2463,RMSE,0.1720883274208881
PHM2012,rul_tabular,y07_phm_rul_xgboost_compact_non_label_source,xgboost_regressor,test,Bearing1_5,2463,MAE,0.12479756369134105
PHM2012,rul_tabular,y07_phm_rul_xgboost_compact_non_label_source,xgboost_regressor,test,Bearing1_6,2448,RMSE,0.2829684176748256
PHM2012,rul_tabular,y07_phm_rul_xgboost_compact_non_label_source,xgboost_regressor,test,Bearing1_6,2448,MAE,0.2291465112639403
PHM2012,rul_tabular,y07_phm_rul_xgboost_compact_non_label_source,xgboost_regressor,test,Bearing1_7,2259,RMSE,0.4697889188828235
PHM2012,rul_tabular,y07_phm_rul_xgboost_compact_non_label_source,xgboost_regressor,test,Bearing1_7,2259,MAE,0.3956990908811414
PHM2012,rul_tabular,y07_phm_rul_xgboost_compact_non_label_source,xgboost_regressor,test,Bearing2_4,751,RMSE,0.42795645430532475
PHM2012,rul_tabular,y07_phm_rul_xgboost_compact_non_label_source,xgboost_regressor,test,Bearing2_4,751,MAE,0.30123510620570415
PHM2012,rul_tabular,y07_phm_rul_xgboost_compact_non_label_source,xgboost_regressor,test,Bearing2_5,2311,RMSE,0.3780990209427711
PHM2012,rul_tabular,y07_phm_rul_xgboost_compact_non_label_source,xgboost_regressor,test,Bearing2_5,2311,MAE,0.31145041524080735
PHM2012,rul_tabular,y07_phm_rul_xgboost_compact_non_label_source,xgboost_regressor,test,Bearing2_6,701,RMSE,0.6007516035795546
PHM2012,rul_tabular,y07_phm_rul_xgboost_compact_non_label_source,xgboost_regressor,test,Bearing2_6,701,MAE,0.5663886268260475
PHM2012,rul_tabular,y07_phm_rul_xgboost_compact_non_label_source,xgboost_regressor,test,Bearing2_7,230,RMSE,0.2849352050926394
PHM2012,rul_tabular,y07_phm_rul_xgboost_compact_non_label_source,xgboost_regressor,test,Bearing2_7,230,MAE,0.24735131089211157
PHM2012,rul_tabular,y07_phm_rul_xgboost_compact_non_label_source,xgboost_regressor,test,Bearing3_3,434,RMSE,0.3395967525109608
PHM2012,rul_tabular,y07_phm_rul_xgboost_compact_non_label_source,xgboost_regressor,test,Bearing3_3,434,MAE,0.2792221936129016
PHM2012,rul_tabular,y08_phm_rul_random_forest_compact_non_label_source,random_forest_regressor,train,Bearing1_1,2803,RMSE,0.04100686014664233
PHM2012,rul_tabular,y08_phm_rul_random_forest_compact_non_label_source,random_forest_regressor,train,Bearing1_1,2803,MAE,0.020649004107344382
PHM2012,rul_tabular,y08_phm_rul_random_forest_compact_non_label_source,random_forest_regressor,train,Bearing1_2,871,RMSE,0.04666245505645277
PHM2012,rul_tabular,y08_phm_rul_random_forest_compact_non_label_source,random_forest_regressor,train,Bearing1_2,871,MAE,0.013895530635682784
PHM2012,rul_tabular,y08_phm_rul_random_forest_compact_non_label_source,random_forest_regressor,train,Bearing2_1,911,RMSE,0.070200898205172
PHM2012,rul_tabular,y08_phm_rul_random_forest_compact_non_label_source,random_forest_regressor,train,Bearing2_1,911,MAE,0.04464734496215005
PHM2012,rul_tabular,y08_phm_rul_random_forest_compact_non_label_source,random_forest_regressor,train,Bearing2_2,797,RMSE,0.05925271629667029
PHM2012,rul_tabular,y08_phm_rul_random_forest_compact_non_label_source,random_forest_regressor,train,Bearing2_2,797,MAE,0.03521960217411856
PHM2012,rul_tabular,y08_phm_rul_random_forest_compact_non_label_source,random_forest_regressor,train,Bearing3_1,515,RMSE,0.14521815011237652
PHM2012,rul_tabular,y08_phm_rul_random_forest_compact_non_label_source,random_forest_regressor,train,Bearing3_1,515,MAE,0.09818760122386387
PHM2012,rul_tabular,y08_phm_rul_random_forest_compact_non_label_source,random_forest_regressor,train,Bearing3_2,1637,RMSE,0.06690834550364548
PHM2012,rul_tabular,y08_phm_rul_random_forest_compact_non_label_source,random_forest_regressor,train,Bearing3_2,1637,MAE,0.029803859897988897
PHM2012,rul_tabular,y08_phm_rul_random_forest_compact_non_label_source,random_forest_regressor,val,Bearing1_3,2375,RMSE,0.21688501150842815
PHM2012,rul_tabular,y08_phm_rul_random_forest_compact_non_label_source,random_forest_regressor,val,Bearing1_3,2375,MAE,0.17338275872460968
PHM2012,rul_tabular,y08_phm_rul_random_forest_compact_non_label_source,random_forest_regressor,val,Bearing2_3,1955,RMSE,0.36463568938896457
PHM2012,rul_tabular,y08_phm_rul_random_forest_compact_non_label_source,random_forest_regressor,val,Bearing2_3,1955,MAE,0.2862834180303438
PHM2012,rul_tabular,y08_phm_rul_random_forest_compact_non_label_source,random_forest_regressor,test,Bearing1_4,1428,RMSE,0.2849832290069244
PHM2012,rul_tabular,y08_phm_rul_random_forest_compact_non_label_source,random_forest_regressor,test,Bearing1_4,1428,MAE,0.1635642864664895
PHM2012,rul_tabular,y08_phm_rul_random_forest_compact_non_label_source,random_forest_regressor,test,Bearing1_5,2463,RMSE,0.11968531224414328
PHM2012,rul_tabular,y08_phm_rul_random_forest_compact_non_label_source,random_forest_regressor,test,Bearing1_5,2463,MAE,0.055936424606325204
PHM2012,rul_tabular,y08_phm_rul_random_forest_compact_non_label_source,random_forest_regressor,test,Bearing1_6,2448,RMSE,0.2791672971564382
PHM2012,rul_tabular,y08_phm_rul_random_forest_compact_non_label_source,random_forest_regressor,test,Bearing1_6,2448,MAE,0.20830776932016434
PHM2012,rul_tabular,y08_phm_rul_random_forest_compact_non_label_source,random_forest_regressor,test,Bearing1_7,2259,RMSE,0.43578937187542455
PHM2012,rul_tabular,y08_phm_rul_random_forest_compact_non_label_source,random_forest_regressor,test,Bearing1_7,2259,MAE,0.35764663714457984
PHM2012,rul_tabular,y08_phm_rul_random_forest_compact_non_label_source,random_forest_regressor,test,Bearing2_4,751,RMSE,0.4185514081428124
PHM2012,rul_tabular,y08_phm_rul_random_forest_compact_non_label_source,random_forest_regressor,test,Bearing2_4,751,MAE,0.2837144279660998
PHM2012,rul_tabular,y08_phm_rul_random_forest_compact_non_label_source,random_forest_regressor,test,Bearing2_5,2311,RMSE,0.34474386369855314
PHM2012,rul_tabular,y08_phm_rul_random_forest_compact_non_label_source,random_forest_regressor,test,Bearing2_5,2311,MAE,0.2741903753247876
PHM2012,rul_tabular,y08_phm_rul_random_forest_compact_non_label_source,random_forest_regressor,test,Bearing2_6,701,RMSE,0.5804212781542138
PHM2012,rul_tabular,y08_phm_rul_random_forest_compact_non_label_source,random_forest_regressor,test,Bearing2_6,701,MAE,0.548405152082952
PHM2012,rul_tabular,y08_phm_rul_random_forest_compact_non_label_source,random_forest_regressor,test,Bearing2_7,230,RMSE,0.27932227548533173
PHM2012,rul_tabular,y08_phm_rul_random_forest_compact_non_label_source,random_forest_regressor,test,Bearing2_7,230,MAE,0.23825582600456605
PHM2012,rul_tabular,y08_phm_rul_random_forest_compact_non_label_source,random_forest_regressor,test,Bearing3_3,434,RMSE,0.34915814458259914
PHM2012,rul_tabular,y08_phm_rul_random_forest_compact_non_label_source,random_forest_regressor,test,Bearing3_3,434,MAE,0.281443670146831
XJTU-SY,health_state_tabular,xjtu_main_health_mlp_compact_non_label_source,MLP,val,Bearing1_4,122,Accuracy,0.6885245901639344
XJTU-SY,health_state_tabular,xjtu_main_health_mlp_compact_non_label_source,MLP,val,Bearing1_4,122,WeightedF1,0.5642542982806876
XJTU-SY,health_state_tabular,xjtu_main_health_mlp_compact_non_label_source,MLP,val,Bearing2_4,42,Accuracy,0.42857142857142855
XJTU-SY,health_state_tabular,xjtu_main_health_mlp_compact_non_label_source,MLP,val,Bearing2_4,42,WeightedF1,0.3202380952380952
XJTU-SY,health_state_tabular,xjtu_main_health_mlp_compact_non_label_source,MLP,val,Bearing3_4,1515,Accuracy,0.6712871287128713
XJTU-SY,health_state_tabular,xjtu_main_health_mlp_compact_non_label_source,MLP,val,Bearing3_4,1515,WeightedF1,0.5583535305232026
XJTU-SY,health_state_tabular,xjtu_main_health_mlp_compact_non_label_source,MLP,test,Bearing1_5,52,Accuracy,0.28846153846153844
XJTU-SY,health_state_tabular,xjtu_main_health_mlp_compact_non_label_source,MLP,test,Bearing1_5,52,WeightedF1,0.18986528177704648
XJTU-SY,health_state_tabular,xjtu_main_health_mlp_compact_non_label_source,MLP,test,Bearing2_5,339,Accuracy,0.4778761061946903
XJTU-SY,health_state_tabular,xjtu_main_health_mlp_compact_non_label_source,MLP,test,Bearing2_5,339,WeightedF1,0.42907951652602005
XJTU-SY,health_state_tabular,xjtu_main_health_mlp_compact_non_label_source,MLP,test,Bearing3_5,114,Accuracy,0.05263157894736842
XJTU-SY,health_state_tabular,xjtu_main_health_mlp_compact_non_label_source,MLP,test,Bearing3_5,114,WeightedF1,0.040508055382197254
XJTU-SY,early_fault_tabular,xjtu_main_early_mlp_compact_non_label_source,MLP,val,Bearing1_4,122,Accuracy,0.6967213114754098
XJTU-SY,early_fault_tabular,xjtu_main_early_mlp_compact_non_label_source,MLP,val,Bearing1_4,122,WeightedF1,0.5802273962209986
XJTU-SY,early_fault_tabular,xjtu_main_early_mlp_compact_non_label_source,MLP,val,Bearing2_4,42,Accuracy,0.6904761904761905
XJTU-SY,early_fault_tabular,xjtu_main_early_mlp_compact_non_label_source,MLP,val,Bearing2_4,42,WeightedF1,0.7119938884644768
XJTU-SY,early_fault_tabular,xjtu_main_early_mlp_compact_non_label_source,MLP,val,Bearing3_4,1515,Accuracy,0.7194719471947195
XJTU-SY,early_fault_tabular,xjtu_main_early_mlp_compact_non_label_source,MLP,val,Bearing3_4,1515,WeightedF1,0.6412106240784972
XJTU-SY,early_fault_tabular,xjtu_main_early_mlp_compact_non_label_source,MLP,test,Bearing1_5,52,Accuracy,0.4807692307692308
XJTU-SY,early_fault_tabular,xjtu_main_early_mlp_compact_non_label_source,MLP,test,Bearing1_5,52,WeightedF1,0.31218781218781216
XJTU-SY,early_fault_tabular,xjtu_main_early_mlp_compact_non_label_source,MLP,test,Bearing2_5,339,Accuracy,0.9557522123893806
XJTU-SY,early_fault_tabular,xjtu_main_early_mlp_compact_non_label_source,MLP,test,Bearing2_5,339,WeightedF1,0.9552213623915411
XJTU-SY,early_fault_tabular,xjtu_main_early_mlp_compact_non_label_source,MLP,test,Bearing3_5,114,Accuracy,0.7105263157894737
XJTU-SY,early_fault_tabular,xjtu_main_early_mlp_compact_non_label_source,MLP,test,Bearing3_5,114,WeightedF1,0.5902834008097166
XJTU-SY,health_state_tabular,y03_xjtu_health_xgboost_compact_non_label_source,xgboost_classifier,train,Bearing1_1,123,Accuracy,0.8211382113821138
XJTU-SY,health_state_tabular,y03_xjtu_health_xgboost_compact_non_label_source,xgboost_classifier,train,Bearing1_1,123,WeightedF1,0.805012087890663
XJTU-SY,health_state_tabular,y03_xjtu_health_xgboost_compact_non_label_source,xgboost_classifier,train,Bearing1_2,161,Accuracy,0.7391304347826086
XJTU-SY,health_state_tabular,y03_xjtu_health_xgboost_compact_non_label_source,xgboost_classifier,train,Bearing1_2,161,WeightedF1,0.7285300207039337
XJTU-SY,health_state_tabular,y03_xjtu_health_xgboost_compact_non_label_source,xgboost_classifier,train,Bearing1_3,158,Accuracy,0.759493670886076
XJTU-SY,health_state_tabular,y03_xjtu_health_xgboost_compact_non_label_source,xgboost_classifier,train,Bearing1_3,158,WeightedF1,0.7491017217436163
XJTU-SY,health_state_tabular,y03_xjtu_health_xgboost_compact_non_label_source,xgboost_classifier,train,Bearing2_1,491,Accuracy,0.9755600814663951
XJTU-SY,health_state_tabular,y03_xjtu_health_xgboost_compact_non_label_source,xgboost_classifier,train,Bearing2_1,491,WeightedF1,0.9746226743457131
XJTU-SY,health_state_tabular,y03_xjtu_health_xgboost_compact_non_label_source,xgboost_classifier,train,Bearing2_2,161,Accuracy,0.7888198757763976
XJTU-SY,health_state_tabular,y03_xjtu_health_xgboost_compact_non_label_source,xgboost_classifier,train,Bearing2_2,161,WeightedF1,0.7682431676680616
XJTU-SY,health_state_tabular,y03_xjtu_health_xgboost_compact_non_label_source,xgboost_classifier,train,Bearing2_3,533,Accuracy,0.949343339587242
XJTU-SY,health_state_tabular,y03_xjtu_health_xgboost_compact_non_label_source,xgboost_classifier,train,Bearing2_3,533,WeightedF1,0.9489218760192206
XJTU-SY,health_state_tabular,y03_xjtu_health_xgboost_compact_non_label_source,xgboost_classifier,train,Bearing3_1,2538,Accuracy,0.9822695035460993
XJTU-SY,health_state_tabular,y03_xjtu_health_xgboost_compact_non_label_source,xgboost_classifier,train,Bearing3_1,2538,WeightedF1,0.9815804531344383
XJTU-SY,health_state_tabular,y03_xjtu_health_xgboost_compact_non_label_source,xgboost_classifier,train,Bearing3_2,2496,Accuracy,0.8894230769230769
XJTU-SY,health_state_tabular,y03_xjtu_health_xgboost_compact_non_label_source,xgboost_classifier,train,Bearing3_2,2496,WeightedF1,0.8884339548584546
XJTU-SY,health_state_tabular,y03_xjtu_health_xgboost_compact_non_label_source,xgboost_classifier,train,Bearing3_3,371,Accuracy,0.9353099730458221
XJTU-SY,health_state_tabular,y03_xjtu_health_xgboost_compact_non_label_source,xgboost_classifier,train,Bearing3_3,371,WeightedF1,0.9336691871605881
XJTU-SY,health_state_tabular,y03_xjtu_health_xgboost_compact_non_label_source,xgboost_classifier,val,Bearing1_4,122,Accuracy,0.6885245901639344
XJTU-SY,health_state_tabular,y03_xjtu_health_xgboost_compact_non_label_source,xgboost_classifier,val,Bearing1_4,122,WeightedF1,0.5642542982806876
XJTU-SY,health_state_tabular,y03_xjtu_health_xgboost_compact_non_label_source,xgboost_classifier,val,Bearing2_4,42,Accuracy,0.42857142857142855
XJTU-SY,health_state_tabular,y03_xjtu_health_xgboost_compact_non_label_source,xgboost_classifier,val,Bearing2_4,42,WeightedF1,0.29263329263329263
XJTU-SY,health_state_tabular,y03_xjtu_health_xgboost_compact_non_label_source,xgboost_classifier,val,Bearing3_4,1515,Accuracy,0.6976897689768977
XJTU-SY,health_state_tabular,y03_xjtu_health_xgboost_compact_non_label_source,xgboost_classifier,val,Bearing3_4,1515,WeightedF1,0.5933856291887583
XJTU-SY,health_state_tabular,y03_xjtu_health_xgboost_compact_non_label_source,xgboost_classifier,test,Bearing1_5,52,Accuracy,0.3076923076923077
XJTU-SY,health_state_tabular,y03_xjtu_health_xgboost_compact_non_label_source,xgboost_classifier,test,Bearing1_5,52,WeightedF1,0.20421245421245424
XJTU-SY,health_state_tabular,y03_xjtu_health_xgboost_compact_non_label_source,xgboost_classifier,test,Bearing2_5,339,Accuracy,0.46607669616519176
XJTU-SY,health_state_tabular,y03_xjtu_health_xgboost_compact_non_label_source,xgboost_classifier,test,Bearing2_5,339,WeightedF1,0.4144221758220042
XJTU-SY,health_state_tabular,y03_xjtu_health_xgboost_compact_non_label_source,xgboost_classifier,test,Bearing3_5,114,Accuracy,0.14912280701754385
XJTU-SY,health_state_tabular,y03_xjtu_health_xgboost_compact_non_label_source,xgboost_classifier,test,Bearing3_5,114,WeightedF1,0.04370840895341802
XJTU-SY,early_fault_tabular,y05_xjtu_early_xgboost_compact_non_label_source,xgboost_classifier,train,Bearing1_1,123,Accuracy,0.967479674796748
XJTU-SY,early_fault_tabular,y05_xjtu_early_xgboost_compact_non_label_source,xgboost_classifier,train,Bearing1_1,123,WeightedF1,0.967479674796748
XJTU-SY,early_fault_tabular,y05_xjtu_early_xgboost_compact_non_label_source,xgboost_classifier,train,Bearing1_2,161,Accuracy,0.968944099378882
XJTU-SY,early_fault_tabular,y05_xjtu_early_xgboost_compact_non_label_source,xgboost_classifier,train,Bearing1_2,161,WeightedF1,0.9697984320269314
XJTU-SY,early_fault_tabular,y05_xjtu_early_xgboost_compact_non_label_source,xgboost_classifier,train,Bearing1_3,158,Accuracy,0.9050632911392406
XJTU-SY,early_fault_tabular,y05_xjtu_early_xgboost_compact_non_label_source,xgboost_classifier,train,Bearing1_3,158,WeightedF1,0.9064382771021094
XJTU-SY,early_fault_tabular,y05_xjtu_early_xgboost_compact_non_label_source,xgboost_classifier,train,Bearing2_1,491,Accuracy,0.9898167006109979
XJTU-SY,early_fault_tabular,y05_xjtu_early_xgboost_compact_non_label_source,xgboost_classifier,train,Bearing2_1,491,WeightedF1,0.9894860791191086
XJTU-SY,early_fault_tabular,y05_xjtu_early_xgboost_compact_non_label_source,xgboost_classifier,train,Bearing2_2,161,Accuracy,0.9440993788819876
XJTU-SY,early_fault_tabular,y05_xjtu_early_xgboost_compact_non_label_source,xgboost_classifier,train,Bearing2_2,161,WeightedF1,0.9454517526736513
XJTU-SY,early_fault_tabular,y05_xjtu_early_xgboost_compact_non_label_source,xgboost_classifier,train,Bearing2_3,533,Accuracy,0.9906191369606003
XJTU-SY,early_fault_tabular,y05_xjtu_early_xgboost_compact_non_label_source,xgboost_classifier,train,Bearing2_3,533,WeightedF1,0.9906315898529106
XJTU-SY,early_fault_tabular,y05_xjtu_early_xgboost_compact_non_label_source,xgboost_classifier,train,Bearing3_1,2538,Accuracy,0.991725768321513
XJTU-SY,early_fault_tabular,y05_xjtu_early_xgboost_compact_non_label_source,xgboost_classifier,train,Bearing3_1,2538,WeightedF1,0.991512570888041
XJTU-SY,early_fault_tabular,y05_xjtu_early_xgboost_compact_non_label_source,xgboost_classifier,train,Bearing3_2,2496,Accuracy,0.9635416666666666
XJTU-SY,early_fault_tabular,y05_xjtu_early_xgboost_compact_non_label_source,xgboost_classifier,train,Bearing3_2,2496,WeightedF1,0.9635410872129342
XJTU-SY,early_fault_tabular,y05_xjtu_early_xgboost_compact_non_label_source,xgboost_classifier,train,Bearing3_3,371,Accuracy,0.9919137466307277
XJTU-SY,early_fault_tabular,y05_xjtu_early_xgboost_compact_non_label_source,xgboost_classifier,train,Bearing3_3,371,WeightedF1,0.9919763545432576
XJTU-SY,early_fault_tabular,y05_xjtu_early_xgboost_compact_non_label_source,xgboost_classifier,val,Bearing1_4,122,Accuracy,0.6967213114754098
XJTU-SY,early_fault_tabular,y05_xjtu_early_xgboost_compact_non_label_source,xgboost_classifier,val,Bearing1_4,122,WeightedF1,0.5802273962209986
XJTU-SY,early_fault_tabular,y05_xjtu_early_xgboost_compact_non_label_source,xgboost_classifier,val,Bearing2_4,42,Accuracy,0.5238095238095238
XJTU-SY,early_fault_tabular,y05_xjtu_early_xgboost_compact_non_label_source,xgboost_classifier,val,Bearing2_4,42,WeightedF1,0.5346320346320346
XJTU-SY,early_fault_tabular,y05_xjtu_early_xgboost_compact_non_label_source,xgboost_classifier,val,Bearing3_4,1515,Accuracy,0.7141914191419142
XJTU-SY,early_fault_tabular,y05_xjtu_early_xgboost_compact_non_label_source,xgboost_classifier,val,Bearing3_4,1515,WeightedF1,0.6374306653318244
XJTU-SY,early_fault_tabular,y05_xjtu_early_xgboost_compact_non_label_source,xgboost_classifier,test,Bearing1_5,52,Accuracy,0.4807692307692308
XJTU-SY,early_fault_tabular,y05_xjtu_early_xgboost_compact_non_label_source,xgboost_classifier,test,Bearing1_5,52,WeightedF1,0.31218781218781216
XJTU-SY,early_fault_tabular,y05_xjtu_early_xgboost_compact_non_label_source,xgboost_classifier,test,Bearing2_5,339,Accuracy,0.9528023598820059
XJTU-SY,early_fault_tabular,y05_xjtu_early_xgboost_compact_non_label_source,xgboost_classifier,test,Bearing2_5,339,WeightedF1,0.9521903627599752
XJTU-SY,early_fault_tabular,y05_xjtu_early_xgboost_compact_non_label_source,xgboost_classifier,test,Bearing3_5,114,Accuracy,0.7105263157894737
XJTU-SY,early_fault_tabular,y05_xjtu_early_xgboost_compact_non_label_source,xgboost_classifier,test,Bearing3_5,114,WeightedF1,0.5902834008097166
PHM2012,health_state_tabular,y09_phm_health_xgboost_compact_non_label_source,xgboost_classifier,train,Bearing1_1,2803,Accuracy,0.9072422404566536
PHM2012,health_state_tabular,y09_phm_health_xgboost_compact_non_label_source,xgboost_classifier,train,Bearing1_1,2803,WeightedF1,0.9136471185430912
PHM2012,health_state_tabular,y09_phm_health_xgboost_compact_non_label_source,xgboost_classifier,train,Bearing1_2,871,Accuracy,0.947187141216992
PHM2012,health_state_tabular,y09_phm_health_xgboost_compact_non_label_source,xgboost_classifier,train,Bearing1_2,871,WeightedF1,0.9565289875063134
PHM2012,health_state_tabular,y09_phm_health_xgboost_compact_non_label_source,xgboost_classifier,train,Bearing2_1,911,Accuracy,0.6673984632272228
PHM2012,health_state_tabular,y09_phm_health_xgboost_compact_non_label_source,xgboost_classifier,train,Bearing2_1,911,WeightedF1,0.6701596500139713
PHM2012,health_state_tabular,y09_phm_health_xgboost_compact_non_label_source,xgboost_classifier,train,Bearing2_2,797,Accuracy,0.6951066499372648
PHM2012,health_state_tabular,y09_phm_health_xgboost_compact_non_label_source,xgboost_classifier,train,Bearing2_2,797,WeightedF1,0.6829840303661021
PHM2012,health_state_tabular,y09_phm_health_xgboost_compact_non_label_source,xgboost_classifier,train,Bearing3_1,515,Accuracy,0.31844660194174756
PHM2012,health_state_tabular,y09_phm_health_xgboost_compact_non_label_source,xgboost_classifier,train,Bearing3_1,515,WeightedF1,0.3476005749490353
PHM2012,health_state_tabular,y09_phm_health_xgboost_compact_non_label_source,xgboost_classifier,train,Bearing3_2,1637,Accuracy,0.935247403787416
PHM2012,health_state_tabular,y09_phm_health_xgboost_compact_non_label_source,xgboost_classifier,train,Bearing3_2,1637,WeightedF1,0.9367256673720431
PHM2012,health_state_tabular,y09_phm_health_xgboost_compact_non_label_source,xgboost_classifier,val,Bearing1_3,2375,Accuracy,0.30147368421052634
PHM2012,health_state_tabular,y09_phm_health_xgboost_compact_non_label_source,xgboost_classifier,val,Bearing1_3,2375,WeightedF1,0.31079994482366685
PHM2012,health_state_tabular,y09_phm_health_xgboost_compact_non_label_source,xgboost_classifier,val,Bearing2_3,1955,Accuracy,0.19283887468030692
PHM2012,health_state_tabular,y09_phm_health_xgboost_compact_non_label_source,xgboost_classifier,val,Bearing2_3,1955,WeightedF1,0.14747484997868682
PHM2012,health_state_tabular,y09_phm_health_xgboost_compact_non_label_source,xgboost_classifier,test,Bearing1_4,1428,Accuracy,0.18137254901960784
PHM2012,health_state_tabular,y09_phm_health_xgboost_compact_non_label_source,xgboost_classifier,test,Bearing1_4,1428,WeightedF1,0.24277705008316905
PHM2012,health_state_tabular,y09_phm_health_xgboost_compact_non_label_source,xgboost_classifier,test,Bearing1_5,2463,Accuracy,0.46163215590742995
PHM2012,health_state_tabular,y09_phm_health_xgboost_compact_non_label_source,xgboost_classifier,test,Bearing1_5,2463,WeightedF1,0.6223465722676385
PHM2012,health_state_tabular,y09_phm_health_xgboost_compact_non_label_source,xgboost_classifier,test,Bearing1_6,2448,Accuracy,0.2107843137254902
PHM2012,health_state_tabular,y09_phm_health_xgboost_compact_non_label_source,xgboost_classifier,test,Bearing1_6,2448,WeightedF1,0.20600910169693185
PHM2012,health_state_tabular,y09_phm_health_xgboost_compact_non_label_source,xgboost_classifier,test,Bearing1_7,2259,Accuracy,0.2381584772023019
PHM2012,health_state_tabular,y09_phm_health_xgboost_compact_non_label_source,xgboost_classifier,test,Bearing1_7,2259,WeightedF1,0.19581085079924804
PHM2012,health_state_tabular,y09_phm_health_xgboost_compact_non_label_source,xgboost_classifier,test,Bearing2_4,751,Accuracy,0.40612516644474034
PHM2012,health_state_tabular,y09_phm_health_xgboost_compact_non_label_source,xgboost_classifier,test,Bearing2_4,751,WeightedF1,0.2536458293736516
PHM2012,health_state_tabular,y09_phm_health_xgboost_compact_non_label_source,xgboost_classifier,test,Bearing2_5,2311,Accuracy,0.3115534400692341
PHM2012,health_state_tabular,y09_phm_health_xgboost_compact_non_label_source,xgboost_classifier,test,Bearing2_5,2311,WeightedF1,0.26473071081031596
PHM2012,health_state_tabular,y09_phm_health_xgboost_compact_non_label_source,xgboost_classifier,test,Bearing2_6,701,Accuracy,0.012838801711840228
PHM2012,health_state_tabular,y09_phm_health_xgboost_compact_non_label_source,xgboost_classifier,test,Bearing2_6,701,WeightedF1,0.0170934332709768
PHM2012,health_state_tabular,y09_phm_health_xgboost_compact_non_label_source,xgboost_classifier,test,Bearing2_7,230,Accuracy,0.24347826086956523
PHM2012,health_state_tabular,y09_phm_health_xgboost_compact_non_label_source,xgboost_classifier,test,Bearing2_7,230,WeightedF1,0.18811594202898552
PHM2012,health_state_tabular,y09_phm_health_xgboost_compact_non_label_source,xgboost_classifier,test,Bearing3_3,434,Accuracy,0.4147465437788018
PHM2012,health_state_tabular,y09_phm_health_xgboost_compact_non_label_source,xgboost_classifier,test,Bearing3_3,434,WeightedF1,0.378731278870158
PHM2012,early_fault_tabular,y11_phm_early_xgboost_compact_non_label_source,xgboost_classifier,train,Bearing1_1,2803,Accuracy,0.9728861933642526
PHM2012,early_fault_tabular,y11_phm_early_xgboost_compact_non_label_source,xgboost_classifier,train,Bearing1_1,2803,WeightedF1,0.9760529115343352
PHM2012,early_fault_tabular,y11_phm_early_xgboost_compact_non_label_source,xgboost_classifier,train,Bearing1_2,871,Accuracy,0.9494833524684271
PHM2012,early_fault_tabular,y11_phm_early_xgboost_compact_non_label_source,xgboost_classifier,train,Bearing1_2,871,WeightedF1,0.9572125041300902
PHM2012,early_fault_tabular,y11_phm_early_xgboost_compact_non_label_source,xgboost_classifier,train,Bearing2_1,911,Accuracy,0.9220636663007684
PHM2012,early_fault_tabular,y11_phm_early_xgboost_compact_non_label_source,xgboost_classifier,train,Bearing2_1,911,WeightedF1,0.9159173463886133
PHM2012,early_fault_tabular,y11_phm_early_xgboost_compact_non_label_source,xgboost_classifier,train,Bearing2_2,797,Accuracy,0.8243412797992472
PHM2012,early_fault_tabular,y11_phm_early_xgboost_compact_non_label_source,xgboost_classifier,train,Bearing2_2,797,WeightedF1,0.7945319700684145
PHM2012,early_fault_tabular,y11_phm_early_xgboost_compact_non_label_source,xgboost_classifier,train,Bearing3_1,515,Accuracy,0.7669902912621359
PHM2012,early_fault_tabular,y11_phm_early_xgboost_compact_non_label_source,xgboost_classifier,train,Bearing3_1,515,WeightedF1,0.8360938859506309
PHM2012,early_fault_tabular,y11_phm_early_xgboost_compact_non_label_source,xgboost_classifier,train,Bearing3_2,1637,Accuracy,0.9395235186316433
PHM2012,early_fault_tabular,y11_phm_early_xgboost_compact_non_label_source,xgboost_classifier,train,Bearing3_2,1637,WeightedF1,0.9421431384269678
PHM2012,early_fault_tabular,y11_phm_early_xgboost_compact_non_label_source,xgboost_classifier,val,Bearing1_3,2375,Accuracy,0.48210526315789476
PHM2012,early_fault_tabular,y11_phm_early_xgboost_compact_non_label_source,xgboost_classifier,val,Bearing1_3,2375,WeightedF1,0.4579474306433626
PHM2012,early_fault_tabular,y11_phm_early_xgboost_compact_non_label_source,xgboost_classifier,val,Bearing2_3,1955,Accuracy,0.48746803069053707
PHM2012,early_fault_tabular,y11_phm_early_xgboost_compact_non_label_source,xgboost_classifier,val,Bearing2_3,1955,WeightedF1,0.5480318319038209
PHM2012,early_fault_tabular,y11_phm_early_xgboost_compact_non_label_source,xgboost_classifier,test,Bearing1_4,1428,Accuracy,0.38795518207282914
PHM2012,early_fault_tabular,y11_phm_early_xgboost_compact_non_label_source,xgboost_classifier,test,Bearing1_4,1428,WeightedF1,0.3541057269259295
PHM2012,early_fault_tabular,y11_phm_early_xgboost_compact_non_label_source,xgboost_classifier,test,Bearing1_5,2463,Accuracy,0.6922452293950467
PHM2012,early_fault_tabular,y11_phm_early_xgboost_compact_non_label_source,xgboost_classifier,test,Bearing1_5,2463,WeightedF1,0.8001559578106339
PHM2012,early_fault_tabular,y11_phm_early_xgboost_compact_non_label_source,xgboost_classifier,test,Bearing1_6,2448,Accuracy,0.3321078431372549
PHM2012,early_fault_tabular,y11_phm_early_xgboost_compact_non_label_source,xgboost_classifier,test,Bearing1_6,2448,WeightedF1,0.18713951122033975
PHM2012,early_fault_tabular,y11_phm_early_xgboost_compact_non_label_source,xgboost_classifier,test,Bearing1_7,2259,Accuracy,0.7817618415227977
PHM2012,early_fault_tabular,y11_phm_early_xgboost_compact_non_label_source,xgboost_classifier,test,Bearing1_7,2259,WeightedF1,0.8720771847049346
PHM2012,early_fault_tabular,y11_phm_early_xgboost_compact_non_label_source,xgboost_classifier,test,Bearing2_4,751,Accuracy,0.43541944074567246
PHM2012,early_fault_tabular,y11_phm_early_xgboost_compact_non_label_source,xgboost_classifier,test,Bearing2_4,751,WeightedF1,0.29608502070750986
PHM2012,early_fault_tabular,y11_phm_early_xgboost_compact_non_label_source,xgboost_classifier,test,Bearing2_5,2311,Accuracy,0.9723063608827347
PHM2012,early_fault_tabular,y11_phm_early_xgboost_compact_non_label_source,xgboost_classifier,test,Bearing2_5,2311,WeightedF1,0.9697406570917609
PHM2012,early_fault_tabular,y11_phm_early_xgboost_compact_non_label_source,xgboost_classifier,test,Bearing2_6,701,Accuracy,0.019971469329529243
PHM2012,early_fault_tabular,y11_phm_early_xgboost_compact_non_label_source,xgboost_classifier,test,Bearing2_6,701,WeightedF1,0.0007820994982193271
PHM2012,early_fault_tabular,y11_phm_early_xgboost_compact_non_label_source,xgboost_classifier,test,Bearing2_7,230,Accuracy,0.45652173913043476
PHM2012,early_fault_tabular,y11_phm_early_xgboost_compact_non_label_source,xgboost_classifier,test,Bearing2_7,230,WeightedF1,0.31489174898966066
PHM2012,early_fault_tabular,y11_phm_early_xgboost_compact_non_label_source,xgboost_classifier,test,Bearing3_3,434,Accuracy,0.7534562211981567
PHM2012,early_fault_tabular,y11_phm_early_xgboost_compact_non_label_source,xgboost_classifier,test,Bearing3_3,434,WeightedF1,0.7421068378136454
